MatchID,InningsNo,TeamID,PlayerID,PlayerName,Score,FallScore,FallWickets,FallOvers
1354,1,19,2019-100mb00000000094-1e8fa14543ee11,Faf Du Plessis,41/1(4.3),41,1,4.3
1354,1,19,2021-100mb00000000597-a0edfee691e511,Rajat Patidar,41/2(4.6),41,2,4.6
1354,1,19,2018-100mb00000000028-acc7d0a3e99d11,Glenn Maxwell,42/3(5.3),42,3,5.3
1354,1,19,2018-wicb00000000002-47ea5a6ae99a11,Virat Kohli,77/4(11.2),77,4,11.2
1354,1,19,2020-100mb00000000550-247665a42ff311,Cameron Green,78/5(11.4),78,5,11.4
1354,1,19,2020-100mb00000000534-1ea324c4639911,Anuj Rawat,173/6(19.6),173,6,19.6
1354,2,13,2019-100mb00000000102-28e7fca043fc11,Ruturaj Gaikwad,38/1(3.6),38,1,3.6
1354,2,13,2021-100mb00000000724-7645abdd460011,Rachin Ravindra,71/2(6.6),71,2,6.6
1354,2,13,2018-100mb00000000044-e03a43dbf88a11,Ajinkya Rahane,99/3(10.2),99,3,10.2
1354,2,13,2019-100mb00000000083-a7fea83029c211,Daryl Mitchell,110/4(12.3),110,4,12.3
1355,1,14,2018-100mb00000000040-7f15f6c7f88a11,Mitchell Marsh,39/1(3.2),39,1,3.2
1355,1,14,2019-100mb00000000214-df216bed44bc11,David Warner,74/2(7.6),74,2,7.6
1355,1,14,2019-100mb00000000268-22e2e3987add11,Shai Hope,94/3(10.4),94,3,10.4
1355,1,14,2018-100mb00000000018-6e65e6f7e99c11,Rishabh Pant,111/4(12.4),111,4,12.4
1355,1,14,2019-100mb00000000219-05e95a2044c011,Ricky Bhui,111/5(13.2),111,5,13.2
1355,1,14,2022-100mb00000001017-3e376712cc7911,Tristan Stubbs,128/6(15.4),128,6,15.4
1355,1,14,2019-100mb00000000110-79ae08f5449411,Axar Patel,138/7(17.1),138,7,17.1
1355,1,14,2022-100mb00000001535-6fd8867c54e911,Sumit Kumar,147/8(18.3),147,8,18.3
1355,1,14,2018-100mb00000000014-227bc550e99c11,Kuldeep Yadav,174/9(19.6),174,9,19.6
1355,2,15,2018-100mb00000000011-cbf5eb14e99b11,Shikhar Dhawan,34/1(3.1),34,1,3.1
1355,2,15,2019-100mb00000000216-33c1188144bd11,Jonny Bairstow,42/2(3.5),42,2,3.5
1355,2,15,2019-100mb00000000137-d774e3d1449c11,Prabhsimran Singh,84/3(9.2),84,3,9.2
1355,2,15,2022-100mb00000001000-d90666b7a44d11,Jitesh Sharma,100/4(11.3),100,4,11.3
1355,2,15,2019-100mb00000000138-5bd8fcf6449d11,Sam Curran,167/5(18.3),167,5,18.3
1355,2,15,2019-100mb00000000191-df21803b44b711,Shashank Singh,167/6(18.4),167,6,18.4
1356,1,16,2019-100mb00000000156-a6b6f42c44aa11,Sunil Narine,23/1(1.6),23,1,1.6
1356,1,16,2021-100mb00000000584-a3f48c1791dd11,Venkatesh Iyer,32/2(3.3),32,2,3.3
1356,1,16,2018-100mb00000000012-ea4c47d2e99b11,Shreyas Iyer,32/3(3.5),32,3,3.5
1356,1,16,2019-100mb00000000148-ef59629644a811,Nitish Rana,51/4(7.3),51,4,7.3
1356,1,16,2022-100mb00000000991-d9fbad51a44b11,Ramandeep Singh,105/5(12.1),105,5,12.1
1356,1,16,2022-100mb00000001220-372333e3f9f711,Phil Salt,119/6(13.5),119,6,13.5
1356,1,16,2019-100mb00000000152-335aed3d44aa11,Rinku Singh,200/7(19.1),200,7,19.1
1356,2,20,2018-100mb00000000055-ed853d8f050a11,Mayank Agarwal,60/1(5.3),60,1,5.3
1356,2,20,2019-100mb00000000212-9df3a24d44bc11,Abhishek Sharma,71/2(7.2),71,2,7.2
1356,2,20,2019-100mb00000000287-ca1a6bb17ae311,Aiden Markram,107/3(11.4),107,3,11.4
1356,2,20,2019-100mb00000000188-896b509b44b711,Rahul Tripathi,111/4(12.5),111,4,12.5
1356,2,20,2020-100mb00000000525-4d2e1ac6639511,Abdul Samad,145/5(16.5),145,5,16.5
1356,2,20,2020-100mb00000000523-53bc4c09638b11,Shahbaz Ahmed,203/6(19.3),203,6,19.3
1356,2,20,2019-100mb00000000202-438eed6944ba11,Heinrich Klaasen,204/7(19.5),204,7,19.5
1357,1,18,2019-100mb00000000182-b78f12ef44b611,Jos Buttler,13/1(1.6),13,1,1.6
1357,1,18,2020-100mb00000000533-e895f279639811,Yashasvi Jaiswal,49/2(4.6),49,2,4.6
1357,1,18,2019-100mb00000000189-ac8c327a44b711,Riyan Parag,142/3(14.5),142,3,14.5
1357,1,18,2019-100mb00000000210-b8addb3444bb11,Shimron Hetmyer,150/4(16.3),150,4,16.3
1357,2,77,2019-100mb00000000170-9429250944ae11,Quinton De Kock,4/1(0.5),4,1,0.5
1357,2,77,2019-100mb00000000200-1283ad3244ba11,Devdutt Padikkal,10/2(2.2),10,2,2.2
1357,2,77,2022-100mb00000000985-f5950061a44811,Ayush Badoni,11/3(3.1),11,3,3.1
1357,2,77,2019-100mb00000000215-f86e728844bc11,Deepak Hooda,60/4(7.3),60,4,7.3
1357,2,77,2018-100mb00000000019-80e59e32e99c11,KL Rahul,145/5(16.1),145,5,16.1
1357,2,77,2018-100mb00000000023-201fd633e99d11,Marcus Stoinis,154/6(17.3),154,6,17.3
1358,1,35,2019-100mb00000000225-a11ad1bc44c011,Wriddhiman Saha,31/1(3.6),31,1,3.6
1358,1,35,2019-100mb00000000062-8fa4884a17f311,Shubman Gill,64/2(7.4),64,2,7.4
1358,1,35,2022-100mb00000001354-5a766b041e0411,Azmatullah Omarzai,104/3(11.6),104,3,11.6
1358,1,35,2019-100mb00000000128-e95bebea449911,David Miller,133/4(16.1),133,4,16.1
1358,1,35,2022-100mb00000000976-79aa33cca44611,Sai Sudharsan,134/5(16.3),134,5,16.3
1358,1,35,2019-100mb00000000120-7489ddcc449711,Rahul Tewatia,161/6(19.1),161,6,19.1
1358,2,17,2019-100mb00000000164-8ae075db44ad11,Ishan Kishan,0/1(0.4),0,1,0.4
1358,2,17,2024-100mb00000003107-805cae57df9b11,Naman Dhir,30/2(2.6),30,2,2.6
1358,2,17,2018-100mb00000000006-2cf4bba8e99b11,Rohit Sharma,107/3(12.1),107,3,12.1
1358,2,17,202265c5509b72a911ec8ab502ab46c,Dewald Brevis,129/4(15.5),129,4,15.5
1358,2,17,2021-100mb00000000636-9e985b64160411,Tim David,142/5(17.6),142,5,17.6
1358,2,17,2022-100mb00000000993-60c58f9ea44c11,Tilak Varma,148/6(18.2),148,6,18.2
1358,2,17,2023-100mb00000002535-239c770f61da11,Gerald Coetzee,150/7(18.6),150,7,18.6
1358,2,17,2018-100mb00000000054-e3ebefa2050a11,Hardik Pandya,160/8(19.3),160,8,19.3
1358,2,17,2019-100mb00000000149-10d5663944a911,Piyush Chawla,160/9(19.4),160,9,19.4
1359,1,15,2019-100mb00000000216-33c1188144bd11,Jonny Bairstow,17/1(2.3),17,1,2.3
1359,1,15,2019-100mb00000000137-d774e3d1449c11,Simran Singh,72/2(8.5),72,2,8.5
1359,1,15,2019-100mb00000000183-f4a991db44b611,Liam Livingstone,98/3(11.6),98,3,11.6
1359,1,15,2018-100mb00000000011-cbf5eb14e99b11,Shikhar Dhawan,98/4(12.1),98,4,12.1
1359,1,15,2019-100mb00000000138-5bd8fcf6449d11,Sam Curran,150/5(17.5),150,5,17.5
1359,1,15,2022-100mb00000001000-d90666b7a44d11,Jitesh Sharma,154/6(18.4),154,6,18.4
1359,2,19,2019-100mb00000000094-1e8fa14543ee11,Faf Du Plessis,26/1(2.4),26,1,2.4
1359,2,19,2020-100mb00000000550-247665a42ff311,Cameron Green,43/2(4.4),43,2,4.4
1359,2,19,2021-100mb00000000597-a0edfee691e511,Rajat Patidar,86/3(10.3),86,3,10.3
1359,2,19,2018-100mb00000000028-acc7d0a3e99d11,Glenn Maxwell,103/4(12.1),103,4,12.1
1359,2,19,2018-wicb00000000002-47ea5a6ae99a11,Virat Kohli,130/5(15.6),130,5,15.6
1359,2,19,2020-100mb00000000534-1ea324c4639911,Anuj Rawat,130/6(16.2),130,6,16.2
1360,1,13,2021-100mb00000000724-7645abdd460011,Rachin Ravindra,62/1(5.2),62,1,5.2
1360,1,13,2018-100mb00000000044-e03a43dbf88a11,Ajinkya Rahane,104/2(10.1),104,2,10.1
1360,1,13,2019-100mb00000000102-28e7fca043fc11,Ruturaj Gaikwad,127/3(12.3),127,3,12.3
1360,1,13,2019-100mb00000000211-dc1f6a2544bb11,Shivam Dube,184/4(18.2),184,4,18.2
1360,1,13,2022-100mb00000001229-0174f02b040d11,Sameer Rizwi,199/5(19.3),199,5,19.3
1360,1,13,2018-100mb00000000046-06b5ba89f88b11,Ravindra Jadeja,206/6(19.6),206,6,19.6
1360,2,35,2019-100mb00000000062-8fa4884a17f311,Shubman Gill,28/1(2.5),28,1,2.5
1360,2,35,2019-100mb00000000225-a11ad1bc44c011,Wriddhiman Saha,34/2(4.3),34,2,4.3
1360,2,35,2019-100mb00000000061-6d68257c17f311,Vijay Shankar,55/3(7.3),55,3,7.3
1360,2,35,2019-100mb00000000128-e95bebea449911,David Miller,96/4(11.5),96,4,11.5
1360,2,35,2022-100mb00000000976-79aa33cca44611,Sai Sudharsan,114/5(14.5),114,5,14.5
1360,2,35,2022-100mb00000001354-5a766b041e0411,Azmatullah Omarzai,118/6(15.2),118,6,15.2
1360,2,35,2019-100mb00000000218-42d9d6f544bf11,Rashid Khan,121/7(16.2),121,7,16.2
1360,2,35,2019-100mb00000000120-7489ddcc449711,Rahul Tewatia,129/8(18.2),129,8,18.2
1363,1,19,2019-100mb00000000094-1e8fa14543ee11,Faf Du Plessis,17/1(1.6),17,1,1.6
1363,1,19,2020-100mb00000000550-247665a42ff311,Cameron Green,82/2(8.6),82,2,8.6
1363,1,19,2018-100mb00000000028-acc7d0a3e99d11,Glenn Maxwell,124/3(14.1),124,3,14.1
1363,1,19,2021-100mb00000000597-a0edfee691e511,Rajat Patidar,144/4(16.3),144,4,16.3
1363,1,19,2020-100mb00000000534-1ea324c4639911,Anuj Rawat,151/5(17.3),151,5,17.3
1363,1,19,2018-100mb00000000013-1031ba8ae99c11,Dinesh Karthik,182/6(19.6),182,6,19.6
1363,2,16,2019-100mb00000000156-a6b6f42c44aa11,Sunil Narine,86/1(6.3),86,1,6.3
1363,2,16,2022-100mb00000001220-372333e3f9f711,Phil Salt,92/2(7.5),92,2,7.5
1363,2,16,2021-100mb00000000584-a3f48c1791dd11,Venkatesh Iyer,167/3(15.1),167,3,15.1
1362,1,18,2020-100mb00000000533-e895f279639811,Yashasvi Jaiswal,9/1(1.5),9,1,1.5
1362,1,18,2019-100mb00000000190-c62cbae544b711,Sanju Samson,30/2(5.2),30,2,5.2
1362,1,18,2019-100mb00000000182-b78f12ef44b611,Jos Buttler,36/3(7.2),36,3,7.2
1362,1,18,2018-100mb00000000045-f658f1b6f88a11,Ravichandran Ashwin,90/4(13.3),90,4,13.3
1362,1,18,2022-100mb00000001004-da6e207ea44e11,Dhruv Jurel,142/5(17.2),142,5,17.2
1362,2,14,2018-100mb00000000040-7f15f6c7f88a11,Mitchell Marsh,30/1(3.2),30,1,3.2
1362,2,14,2019-100mb00000000219-05e95a2044c011,Ricky Bhui,30/2(3.4),30,2,3.4
1362,2,14,2019-100mb00000000214-df216bed44bc11,David Warner,97/3(11.2),97,3,11.2
1362,2,14,2018-100mb00000000018-6e65e6f7e99c11,Rishabh Pant,105/4(13.1),105,4,13.1
1362,2,14,2022-100mb00000001580-2e206f715b5511,Abishek Porel,122/5(15.3),122,5,15.3
1361,1,20,2018-100mb00000000055-ed853d8f050a11,Mayank Agarwal,45/1(4.1),45,1,4.1
1361,1,20,2018-100mb00000000037-4e250de6f88a11,Travis Head,113/2(7.5),113,2,7.5
1361,1,20,2019-100mb00000000212-9df3a24d44bc11,Abhishek Sharma,161/3(10.6),161,3,10.6
1361,2,17,2019-100mb00000000164-8ae075db44ad11,Ishan Kishan,56/1(3.2),56,1,3.2
1361,2,17,2018-100mb00000000006-2cf4bba8e99b11,Rohit Sharma,66/2(4.3),66,2,4.3
1361,2,17,2024-100mb00000003107-805cae57df9b11,Naman Dhir,150/3(10.4),150,3,10.4
1361,2,17,2022-100mb00000000993-60c58f9ea44c11,Tilak Varma,182/4(14.1),182,4,14.1
1361,2,17,2018-100mb00000000054-e3ebefa2050a11,Hardik Pandya,224/5(17.6),224,5,17.6
1364,1,77,2018-100mb00000000019-80e59e32e99c11,K L Rahul,35/1(3.5),35,1,3.5
1364,1,77,2019-100mb00000000200-1283ad3244ba11,Devdutt Padikkal,45/2(5.1),45,2,5.1
1364,1,77,2018-100mb00000000023-201fd633e99d11,Marcus Stoinis,78/3(8.4),78,3,8.4
1364,1,77,2019-100mb00000000170-9429250944ae11,Quinton De Kock,125/4(13.1),125,4,13.1
1364,1,77,2019-100mb00000000136-9313d156449c11,Nicholas Pooran,146/5(15.1),146,5,15.1
1364,1,77,2022-100mb00000000985-f5950061a44811,Ayush Badoni,189/6(18.4),189,6,18.4
1364,1,77,2020-100mb00000000520-c2b1e0df638711,Ravi Bishnoi,189/7(18.5),189,7,18.5
1364,1,77,2020-100mb00000000541-c84d8371639b11,Mohsin Khan,197/8(19.4),197,8,19.4
1364,2,15,2019-100mb00000000216-33c1188144bd11,Jonny Bairstow,102/1(11.4),102,1,11.4
1364,2,15,2019-100mb00000000137-d774e3d1449c11,Prabhsimran Singh,128/2(13.3),128,2,13.3
1364,2,15,2022-100mb00000001000-d90666b7a44d11,Jitesh Sharma,139/3(15.4),139,3,15.4
1364,2,15,2018-100mb00000000011-cbf5eb14e99b11,Shikhar Dhawan,141/4(16.2),141,4,16.2
1364,2,15,2019-100mb00000000138-5bd8fcf6449d11,Sam Curran,141/5(16.3),141,5,16.3
1365,1,20,2018-100mb00000000055-ed853d8f050a11,Mayank Agarwal,34/1(4.2),34,1,4.2
1365,1,20,2018-100mb00000000037-4e250de6f88a11,Travis Head,58/2(6.4),58,2,6.4
1365,1,20,2019-100mb00000000212-9df3a24d44bc11,Abhishek Sharma,74/3(9.6),74,3,9.6
1365,1,20,2019-100mb00000000202-438eed6944ba11,Heinrich Klaasen,108/4(13.4),108,4,13.4
1365,1,20,2019-100mb00000000287-ca1a6bb17ae311,Aiden Markram,114/5(14.4),114,5,14.4
1365,1,20,2020-100mb00000000523-53bc4c09638b11,Shahbaz Ahmed,159/6(19.2),159,6,19.2
1365,1,20,2018-100mb00000000020-9223b16ce99c11,Washington Sundar,159/7(19.3),159,7,19.3
1365,1,20,2020-100mb00000000525-4d2e1ac6639511,Abdul Samad,162/8(19.6),162,8,19.6
1365,2,35,2019-100mb00000000225-a11ad1bc44c011,Wriddhiman Saha,36/1(4.1),36,1,4.1
1365,2,35,2019-100mb00000000062-8fa4884a17f311,Shubman Gill,74/2(9.1),74,2,9.1
1365,2,35,2022-100mb00000000976-79aa33cca44611,Sai Sudharsan,138/3(16.1),138,3,16.1
1366,1,14,2019-100mb00000000214-df216bed44bc11,David Warner,93/1(9.3),93,1,9.3
1366,1,14,2018-100mb00000000051-5a1d4ca2f88b11,Prithvi Shaw,103/2(10.4),103,2,10.4
1366,1,14,2018-100mb00000000040-7f15f6c7f88a11,Mitchell Marsh,134/3(14.4),134,3,14.4
1366,1,14,2022-100mb00000001017-3e376712cc7911,Tristan Stubbs,134/4(14.6),134,4,14.6
1366,1,14,2018-100mb00000000018-6e65e6f7e99c11,Rishabh Pant,178/5(18.5),178,5,18.5
1366,2,13,2019-100mb00000000102-28e7fca043fc11,Ruturaj Gaikwad,3/1(0.6),3,1,0.6
1366,2,13,2021-100mb00000000724-7645abdd460011,Rachin Ravindra,7/2(2.5),7,2,2.5
1366,2,13,2019-100mb00000000083-a7fea83029c211,Daryl Mitchell,75/3(10.2),75,3,10.2
1366,2,13,2018-100mb00000000044-e03a43dbf88a11,Ajinkya Rahane,102/4(13.3),102,4,13.3
1366,2,13,2022-100mb00000001229-0174f02b040d11,Sameer Rizwi,102/5(13.4),102,5,13.4
1366,2,13,2019-100mb00000000211-dc1f6a2544bb11,Shivam Dube,120/6(16.1),120,6,16.1
1367,1,17,2018-100mb00000000006-2cf4bba8e99b11,Rohit Sharma,1/1(0.5),1,1,0.5
1367,1,17,2024-100mb00000003107-805cae57df9b11,Naman Dhir,1/2(0.6),1,2,0.6
1367,1,17,202265c5509b72a911ec8ab502ab46c,Dewald Brevis,14/3(2.2),14,3,2.2
1367,1,17,2019-100mb00000000164-8ae075db44ad11,Ishan Kishan,20/4(3.3),20,4,3.3
1367,1,17,2018-100mb00000000054-e3ebefa2050a11,Hardik Pandya,76/5(9.3),76,5,9.3
1367,1,17,2019-100mb00000000149-10d5663944a911,Piyush Chawla,83/6(11.1),83,6,11.1
1367,1,17,2022-100mb00000000993-60c58f9ea44c11,Tilak Varma,95/7(13.2),95,7,13.2
1367,1,17,2023-100mb00000002535-239c770f61da11,Gerald Coetzee,111/8(16.3),111,8,16.3
1367,1,17,2021-100mb00000000636-9e985b64160411,Tim David,114/9(18.3),114,9,18.3
1367,2,18,2020-100mb00000000533-e895f279639811,Yashasvi Jaiswal,10/1(0.6),10,1,0.6
1367,2,18,2019-100mb00000000190-c62cbae544b711,Sanju Samson,42/2(4.2),42,2,4.2
1367,2,18,2019-100mb00000000182-b78f12ef44b611,Jos Buttler,48/3(6.3),48,3,6.3
1367,2,18,2018-100mb00000000045-f658f1b6f88a11,Ravichandran Ashwin,88/4(12.2),88,4,12.2
1368,1,77,2018-100mb00000000019-80e59e32e99c11,KL Rahul,53/1(5.3),53,1,5.3
1368,1,77,2019-100mb00000000200-1283ad3244ba11,Devdutt Padikkal,73/2(8.5),73,2,8.5
1368,1,77,2018-100mb00000000023-201fd633e99d11,Marcus Stoinis,129/3(13.5),129,3,13.5
1368,1,77,2019-100mb00000000170-9429250944ae11,Quinton De Kock,143/4(16.4),143,4,16.4
1368,1,77,2022-100mb00000000985-f5950061a44811,Ayush Badoni,148/5(17.6),148,5,17.6
1368,2,19,2018-wicb00000000002-47ea5a6ae99a11,Virat Kohli,40/1(4.2),40,1,4.2
1368,2,19,2019-100mb00000000094-1e8fa14543ee11,Faf Du Plessis,42/2(5.1),42,2,5.1
1368,2,19,2018-100mb00000000028-acc7d0a3e99d11,Glenn Maxwell,43/3(5.4),43,3,5.4
1368,2,19,2020-100mb00000000550-247665a42ff311,Cameron Green,58/4(7.4),58,4,7.4
1368,2,19,2020-100mb00000000534-1ea324c4639911,Anuj Rawat,94/5(12.5),94,5,12.5
1368,2,19,2021-100mb00000000597-a0edfee691e511,Rajat Patidar,103/6(14.2),103,6,14.2
1368,2,19,2018-100mb00000000013-1031ba8ae99c11,Dinesh Karthik,136/7(16.5),136,7,16.5
1368,2,19,2022-100mb00000001547-613ed5ea54ee11,Mayank Dagar,137/8(17.1),137,8,17.1
1368,2,19,2019-100mb00000000184-117a285844b711,Mahipal Lomror,138/9(17.5),138,9,17.5
1368,2,19,2019-100mb00000000063-d9aa7a01187311,Mohammed Siraj,153/10(19.4),153,10,19.4
1371,1,13,2021-100mb00000000724-7645abdd460011,Rachin Ravindra,25/1(3.1),25,1,3.1
1371,1,13,2019-100mb00000000102-28e7fca043fc11,Ruturaj Gaikwad,54/2(7.1),54,2,7.1
1371,1,13,2019-100mb00000000211-dc1f6a2544bb11,Shivam Dube,119/3(13.4),119,3,13.4
1371,1,13,2018-100mb00000000044-e03a43dbf88a11,Ajinkya Rahane,127/4(14.6),127,4,14.6
1371,1,13,2019-100mb00000000083-a7fea83029c211,Daryl Mitchell,160/5(19.3),160,5,19.3
1371,2,20,2019-100mb00000000212-9df3a24d44bc11,Abhishek Sharma,46/1(2.4),46,1,2.4
1371,2,20,2018-100mb00000000037-4e250de6f88a11,Travis Head,106/2(9.4),106,2,9.4
1371,2,20,2019-100mb00000000287-ca1a6bb17ae311,Aiden Markram,132/3(13.6),132,3,13.6
1371,2,20,2020-100mb00000000523-53bc4c09638b11,Shahbaz Ahmed,141/4(15.4),141,4,15.4
1369,1,16,2022-100mb00000001220-372333e3f9f711,Phil Salt,60/1(4.3),60,1,4.3
1369,1,16,2019-100mb00000000156-a6b6f42c44aa11,Sunil Narine,164/2(12.3),164,2,12.3
1369,1,16,20214a2b63d55d7711ec9c9202ea608,Angkrish Raghuvanshi,176/3(13.2),176,3,13.2
1369,1,16,2018-100mb00000000012-ea4c47d2e99b11,Shreyas Iyer,232/4(17.2),232,4,17.2
1369,1,16,2019-100mb00000000152-335aed3d44aa11,Rinku Singh,264/5(18.6),264,5,18.6
1369,1,16,2019-100mb00000000141-e67c41d144a711,Andre Russell,264/6(19.1),264,6,19.1
1369,1,16,2022-100mb00000000991-d9fbad51a44b11,Ramandeep Singh,266/7(19.3),266,7,19.3
1369,2,14,2018-100mb00000000051-5a1d4ca2f88b11,Prithvi Shaw,21/1(1.5),21,1,1.5
1369,2,14,2018-100mb00000000040-7f15f6c7f88a11,Mitchell Marsh,26/2(2.5),26,2,2.5
1369,2,14,2022-100mb00000001580-2e206f715b5511,Abishek Porel,27/3(3.6),27,3,3.6
1369,2,14,2019-100mb00000000214-df216bed44bc11,David Warner,33/4(4.3),33,4,4.3
1369,2,14,2018-100mb00000000018-6e65e6f7e99c11,Rishabh Pant,126/5(12.2),126,5,12.2
1369,2,14,2019-100mb00000000110-79ae08f5449411,Axar Patel,126/6(12.3),126,6,12.3
1369,2,14,2022-100mb00000001017-3e376712cc7911,Tristan Stubbs,159/7(14.5),159,7,14.5
1369,2,14,2022-100mb00000001535-6fd8867c54e911,Sumit Kumar,159/8(15.1),159,8,15.1
1369,2,14,2019-100mb00000000172-1befbbeb44af11,Rasikh Salam,161/9(16.1),161,9,16.1
1369,2,14,2019-100mb00000000142-040303a144a811,Anrich Nortje,166/10(17.2),166,10,17.2
1370,1,35,2019-100mb00000000225-a11ad1bc44c011,Wriddhiman Saha,29/1(2.6),29,1,2.6
1370,1,35,2019-100mb00000000065-4ae3f0e41e3711,Kane Williamson,69/2(8.3),69,2,8.3
1370,1,35,2022-100mb00000000976-79aa33cca44611,Sai Sudharsan,122/3(13.5),122,3,13.5
1370,1,35,2019-100mb00000000061-6d68257c17f311,Vijay Shankar,164/4(17.4),164,4,17.4
1370,2,15,2018-100mb00000000011-cbf5eb14e99b11,Shikhar Dhawan,13/1(1.1),13,1,1.1
1370,2,15,2019-100mb00000000216-33c1188144bd11,Jonny Bairstow,48/2(5.1),48,2,5.1
1370,2,15,2019-100mb00000000137-d774e3d1449c11,Prabhsimran Singh,64/3(7.2),64,3,7.2
1370,2,15,2019-100mb00000000138-5bd8fcf6449d11,Sam Curran,70/4(8.4),70,4,8.4
1370,2,15,2022-100mb00000000820-ef56fe6f762211,Sikandar Raza,111/5(12.2),111,5,12.2
1370,2,15,2022-100mb00000001000-d90666b7a44d11,Jitesh Sharma,150/6(15.3),150,6,15.3
1370,2,15,2024-100mb00000003109-b7f98c40df9d11,Ashutosh Sharma,193/7(19.1),193,7,19.1
1372,1,19,2019-100mb00000000094-1e8fa14543ee11,Faf Du Plessis,125/1(13.6),125,1,13.6
1372,1,19,2018-100mb00000000028-acc7d0a3e99d11,Glenn Maxwell,128/2(14.5),128,2,14.5
1372,1,19,2024-100mb00000003114-45238324dfa011,Saurav Chauhan,155/3(17.2),155,3,17.2
1372,2,18,2020-100mb00000000533-e895f279639811,Yashasvi Jaiswal,0/1(0.2),0,1,0.2
1372,2,18,2019-100mb00000000190-c62cbae544b711,Sanju Samson,148/2(14.4),148,2,14.4
1372,2,18,2019-100mb00000000189-ac8c327a44b711,Riyan Parag,155/3(15.4),155,3,15.4
1372,2,18,2022-100mb00000001004-da6e207ea44e11,Dhruv Jurel,164/4(16.3),164,4,16.3
1373,1,17,2018-100mb00000000006-2cf4bba8e99b11,Rohit Sharma,80/1(6.6),80,1,6.6
1373,1,17,2019-100mb00000000174-619a804244af11,Suryakumar Yadav,81/2(7.3),81,2,7.3
1373,1,17,2019-100mb00000000164-8ae075db44ad11,Ishan Kishan,111/3(10.2),111,3,10.2
1373,1,17,2022-100mb00000000993-60c58f9ea44c11,Tilak Varma,121/4(12.4),121,4,12.4
1373,1,17,2018-100mb00000000054-e3ebefa2050a11,Hardik Pandya,182/5(17.5),182,5,17.5
1373,2,14,2019-100mb00000000214-df216bed44bc11,David Warner,22/1(3.4),22,1,3.4
1373,2,14,2018-100mb00000000051-5a1d4ca2f88b11,Prithvi Shaw,110/2(11.5),110,2,11.5
1373,2,14,2022-100mb00000001580-2e206f715b5511,Abishek Porel,144/3(14.6),144,3,14.6
1373,2,14,2018-100mb00000000018-6e65e6f7e99c11,Rishabh Pant,153/4(15.6),153,4,15.6
1373,2,14,2019-100mb00000000110-79ae08f5449411,Axar Patel,194/5(18.4),194,5,18.4
1373,2,14,2020-100mb00000000538-c16259a1639a11,Lalit Yadav,203/6(19.3),203,6,19.3
1373,2,14,2024-100mb00000003101-b9f9be41df9511,Kumar Kushagra,203/7(19.4),203,7,19.4
1373,2,14,2019-100mb00000000059-888c275515bb11,Jhye Richardson,205/8(19.6),205,8,19.6
1374,1,77,2019-100mb00000000170-9429250944ae11,Quinton De Kock,6/1(0.4),6,1,0.4
1374,1,77,2019-100mb00000000200-1283ad3244ba11,Devdutt Padikkal,18/2(2.2),18,2,2.2
1374,1,77,2018-100mb00000000019-80e59e32e99c11,K L Rahul,91/3(12.4),91,3,12.4
1374,1,77,2018-100mb00000000023-201fd633e99d11,Marcus Stoinis,112/4(14.5),112,4,14.5
1374,1,77,2022-100mb00000000985-f5950061a44811,Ayush Badoni,143/5(18.1),143,5,18.1
1374,2,35,2019-100mb00000000062-8fa4884a17f311,Shubman Gill,54/1(5.6),54,1,5.6
1374,2,35,2019-100mb00000000065-4ae3f0e41e3711,Kane Williamson,56/2(7.2),56,2,7.2
1374,2,35,2022-100mb00000000976-79aa33cca44611,Sai Sudharsan,58/3(8.1),58,3,8.1
1374,2,35,2024-100mb00000003117-d430a473e83911,B R Sharath,61/4(8.5),61,4,8.5
1374,2,35,2019-100mb00000000127-b2131830449911,Darshan Nalkande,80/5(12.1),80,5,12.1
1374,2,35,2019-100mb00000000061-6d68257c17f311,Vijay Shankar,93/6(14.2),93,6,14.2
1374,2,35,2019-100mb00000000218-42d9d6f544bf11,Rashid Khan,93/7(14.5),93,7,14.5
1374,2,35,2018-100mb00000000021-a294dad8e99c11,Umesh Yadav,102/8(15.6),102,8,15.6
1374,2,35,2019-100mb00000000120-7489ddcc449711,Rahul Tewatia,126/9(18.3),126,9,18.3
1374,2,35,2022-100mb00000000975-56f6385ba44611,Noor Ahmad,130/10(18.5),130,10,18.5
1404,1,16,2022-100mb00000001220-372333e3f9f711,Phil Salt,0/1(0.1),0,1,0.1
1404,1,16,20214a2b63d55d7711ec9c9202ea608,Angkrish Raghuvanshi,56/2(6.1),56,2,6.1
1404,1,16,2019-100mb00000000156-a6b6f42c44aa11,Sunil Narine,60/3(6.5),60,3,6.5
1404,1,16,2021-100mb00000000584-a3f48c1791dd11,Venkatesh Iyer,64/4(8.2),64,4,8.2
1404,1,16,2022-100mb00000000991-d9fbad51a44b11,Ramandeep Singh,85/5(11.5),85,5,11.5
1404,1,16,2019-100mb00000000152-335aed3d44aa11,Rinku Singh,112/6(16.4),112,6,16.4
1404,1,16,2019-100mb00000000141-e67c41d144a711,Andre Russell,127/7(18.2),127,7,18.2
1404,1,16,2018-100mb00000000012-ea4c47d2e99b11,Shreyas Iyer,135/8(19.1),135,8,19.1
1404,1,16,2018-100mb00000000031-b334eaf6f08611,Mitchell Starc,135/9(19.4),135,9,19.4
1404,2,13,2021-100mb00000000724-7645abdd460011,Rachin Ravindra,27/1(3.2),27,1,3.2
1404,2,13,2019-100mb00000000083-a7fea83029c211,Daryl Mitchell,97/2(12.3),97,2,12.3
1404,2,13,2019-100mb00000000211-dc1f6a2544bb11,Shivam Dube,135/3(16.5),135,3,16.5
1405,1,20,2018-100mb00000000037-4e250de6f88a11,Travis Head,27/1(3.2),27,1,3.2
1405,1,20,2019-100mb00000000287-ca1a6bb17ae311,Aiden Markram,27/2(3.4),27,2,3.4
1405,1,20,2019-100mb00000000212-9df3a24d44bc11,Abhishek Sharma,39/3(4.6),39,3,4.6
1405,1,20,2019-100mb00000000188-896b509b44b711,Rahul Tripathi,64/4(9.4),64,4,9.4
1405,1,20,2019-100mb00000000202-438eed6944ba11,Heinrich Klaasen,100/5(13.1),100,5,13.1
1405,1,20,2020-100mb00000000525-4d2e1ac6639511,Abdul Samad,150/6(16.3),150,6,16.3
1405,1,20,2023-100mb00000001944-c9a4b0e8c40511,Nitish Kumar Reddy,151/7(16.5),151,7,16.5
1405,1,20,2018-100mb00000000033-d93110bbf88911,Pat Cummins,155/8(17.3),155,8,17.3
1405,1,20,2018-100mb00000000015-3501d442e99c11,Bhuvneshwar Kumar,176/9(19.5),176,9,19.5
1405,2,15,2019-100mb00000000216-33c1188144bd11,Jonny Bairstow,2/1(1.4),2,1,1.4
1405,2,15,2019-100mb00000000137-d774e3d1449c11,Prabhsimran Singh,11/2(2.6),11,2,2.6
1405,2,15,2018-100mb00000000011-cbf5eb14e99b11,Shikhar Dhawan,20/3(4.4),20,3,4.4
1405,2,15,2019-100mb00000000138-5bd8fcf6449d11,Sam Curran,58/4(9.1),58,4,9.1
1405,2,15,2022-100mb00000000820-ef56fe6f762211,Sikandar Raza,91/5(13.1),91,5,13.1
1405,2,15,2022-100mb00000001000-d90666b7a44d11,Jitesh Sharma,114/6(15.3),114,6,15.3
1406,1,18,2020-100mb00000000533-e895f279639811,Yashasvi Jaiswal,32/1(4.2),32,1,4.2
1406,1,18,2019-100mb00000000182-b78f12ef44b611,Jos Buttler,42/2(5.4),42,2,5.4
1406,1,18,2019-100mb00000000189-ac8c327a44b711,Riyan Parag,172/3(18.4),172,3,18.4
1406,2,35,2022-100mb00000000976-79aa33cca44611,Sai Sudharsan,64/1(8.2),64,1,8.2
1406,2,35,2020-100mb00000000549-9da979d52ff211,Matthew Wade,77/2(10.1),77,2,10.1
1406,2,35,2022-100mb00000000974-314d9cf0a44611,Abhinav Manohar,79/3(10.4),79,3,10.4
1406,2,35,2019-100mb00000000061-6d68257c17f311,Vijay Shankar,111/4(13.6),111,4,13.6
1406,2,35,2019-100mb00000000062-8fa4884a17f311,Shubman Gill,133/5(15.3),133,5,15.3
1406,2,35,2021-100mb00000000590-85eaa6f291e011,Shahrukh Khan,157/6(17.3),157,6,17.3
1406,2,35,2019-100mb00000000120-7489ddcc449711,Rahul Tewatia,195/7(19.5),195,7,19.5
1407,1,19,2018-wicb00000000002-47ea5a6ae99a11,Virat Kohli,14/1(2.3),14,1,2.3
1407,1,19,2023-100mb00000001941-9401571cc40411,Will Jacks,23/2(3.4),23,2,3.4
1407,1,19,2021-100mb00000000597-a0edfee691e511,Rajat Patidar,105/3(11.3),105,3,11.3
1407,1,19,2018-100mb00000000028-acc7d0a3e99d11,Glenn Maxwell,108/4(12.2),108,4,12.2
1407,1,19,2019-100mb00000000094-1e8fa14543ee11,Faf Du Plessis,153/5(16.4),153,5,16.4
1407,1,19,2019-100mb00000000184-117a285844b711,Mahipal Lomror,153/6(16.5),153,6,16.5
1407,1,19,2024-100mb00000003114-45238324dfa011,Saurav Chauhan,170/7(18.3),170,7,18.3
1407,1,19,2023-100mb00000002034-c2959cc8d5eb11,Vyshak Vijaykumar,170/8(18.4),170,8,18.4
1407,2,17,2019-100mb00000000164-8ae075db44ad11,Ishan Kishan,101/1(8.5),101,1,8.5
1407,2,17,2018-100mb00000000006-2cf4bba8e99b11,Rohit Sharma,139/2(11.2),139,2,11.2
1407,2,17,2019-100mb00000000174-619a804244af11,Suryakumar Yadav,176/3(13.3),176,3,13.3
1408,1,77,2019-100mb00000000170-9429250944ae11,Quinton De Kock,28/1(2.5),28,1,2.5
1408,1,77,2019-100mb00000000200-1283ad3244ba11,Devdutt Padikkal,41/2(4.2),41,2,4.2
1408,1,77,2018-100mb00000000023-201fd633e99d11,Marcus Stoinis,66/3(7.3),66,3,7.3
1408,1,77,2019-100mb00000000136-9313d156449c11,Nicholas Pooran,66/4(7.4),66,4,7.4
1408,1,77,2018-100mb00000000019-80e59e32e99c11,K L Rahul,77/5(9.3),77,5,9.3
1408,1,77,2019-100mb00000000215-f86e728844bc11,Deepak Hooda,89/6(11.5),89,6,11.5
1408,1,77,2018-100mb00000000017-5e389774e99c11,Krunal Pandya,94/7(12.6),94,7,12.6
1408,2,14,2019-100mb00000000214-df216bed44bc11,David Warner,24/1(3.3),24,1,3.3
1408,2,14,2018-100mb00000000051-5a1d4ca2f88b11,Prithvi Shaw,63/2(6.6),63,2,6.6
1408,2,14,2024-100mb00000003115-5afd8ccce29e11,Jake Fraser-McGurk,140/3(14.4),140,3,14.4
1408,2,14,2018-100mb00000000018-6e65e6f7e99c11,Rishabh Pant,146/4(15.3),146,4,15.3
1410,1,77,2019-100mb00000000170-9429250944ae11,Quinton De Kock,19/1(1.5),19,1,1.5
1410,1,77,2019-100mb00000000215-f86e728844bc11,Deepak Hooda,39/2(4.4),39,2,4.4
1410,1,77,2018-100mb00000000019-80e59e32e99c11,K L Rahul,78/3(10.2),78,3,10.2
1410,1,77,2018-100mb00000000023-201fd633e99d11,Marcus Stoinis,95/4(11.4),95,4,11.4
1410,1,77,2022-100mb00000000985-f5950061a44811,Ayush Badoni,111/5(14.4),111,5,14.4
1410,1,77,2019-100mb00000000136-9313d156449c11,Nicholas Pooran,155/6(19.1),155,6,19.1
1410,1,77,2022-100mb00000000988-ad5c752aa44a11,Arshad Khan,161/7(19.6),161,7,19.6
1410,2,16,2019-100mb00000000156-a6b6f42c44aa11,Sunil Narine,22/1(1.3),22,1,1.3
1410,2,16,20214a2b63d55d7711ec9c9202ea608,Angkrish Raghuvanshi,42/2(3.1),42,2,3.1
1409,1,15,2022-100mb00000001001-14df7b35a44e11,Atharva Taide,27/1(3.4),27,1,3.4
1409,1,15,2019-100mb00000000137-d774e3d1449c11,Prabhsimran Singh,41/2(6.3),41,2,6.3
1409,1,15,2019-100mb00000000216-33c1188144bd11,Jonny Bairstow,47/3(7.6),47,3,7.6
1409,1,15,2019-100mb00000000138-5bd8fcf6449d11,Sam Curran,52/4(9.3),52,4,9.3
1409,1,15,2019-100mb00000000191-df21803b44b711,Shashank Singh,70/5(12.1),70,5,12.1
1409,1,15,2022-100mb00000001000-d90666b7a44d11,Jitesh Sharma,103/6(16.1),103,6,16.1
1409,1,15,2019-100mb00000000183-f4a991db44b611,Liam Livingstone,122/7(17.5),122,7,17.5
1409,1,15,2024-100mb00000003109-b7f98c40df9d11,Ashutosh Sharma,147/8(19.6),147,8,19.6
1409,2,18,2024-100mb00000003118-481ccec2e83a11,Tanush Kotian,56/1(8.2),56,1,8.2
1409,2,18,2020-100mb00000000533-e895f279639811,Yashasvi Jaiswal,82/2(11.4),82,2,11.4
1409,2,18,2019-100mb00000000190-c62cbae544b711,Sanju Samson,89/3(13.2),89,3,13.2
1409,2,18,2019-100mb00000000189-ac8c327a44b711,Riyan Parag,113/4(16.4),113,4,16.4
1409,2,18,2022-100mb00000001004-da6e207ea44e11,Dhruv Jurel,115/5(17.2),115,5,17.2
1409,2,18,2019-100mb00000000329-bee19eaeb1e711,Rovman Powell,136/6(18.3),136,6,18.3
1409,2,18,2019-100mb00000000347-a1e95770e42911,Keshav Maharaj,138/7(18.6),138,7,18.6
1411,1,13,2018-100mb00000000044-e03a43dbf88a11,Ajinkya Rahane,8/1(1.4),8,1,1.4
1411,1,13,2021-100mb00000000724-7645abdd460011,Rachin Ravindra,60/2(7.5),60,2,7.5
1411,1,13,2019-100mb00000000102-28e7fca043fc11,Ruturaj Gaikwad,150/3(15.2),150,3,15.2
1411,1,13,2019-100mb00000000083-a7fea83029c211,Daryl Mitchell,186/4(19.2),186,4,19.2
1411,2,17,2019-100mb00000000164-8ae075db44ad11,Ishan Kishan,70/1(7.1),70,1,7.1
1411,2,17,2019-100mb00000000174-619a804244af11,Suryakumar Yadav,70/2(7.3),70,2,7.3
1411,2,17,2022-100mb00000000993-60c58f9ea44c11,Tilak Varma,130/3(13.5),130,3,13.5
1411,2,17,2018-100mb00000000054-e3ebefa2050a11,Hardik Pandya,134/4(15.3),134,4,15.3
1411,2,17,2021-100mb00000000636-9e985b64160411,Tim David,148/5(16.3),148,5,16.3
1411,2,17,2019-100mb00000000371-481ee0be14fc11,Romario Shepherd,157/6(17.3),157,6,17.3
1412,1,20,2019-100mb00000000212-9df3a24d44bc11,Abhishek Sharma,108/1(8.1),108,1,8.1
1412,1,20,2018-100mb00000000037-4e250de6f88a11,Travis Head,165/2(12.3),165,2,12.3
1412,1,20,2019-100mb00000000202-438eed6944ba11,Heinrich Klaasen,231/3(16.6),231,3,16.6
1412,2,19,2018-wicb00000000002-47ea5a6ae99a11,Virat Kohli,80/1(6.2),80,1,6.2
1412,2,19,2023-100mb00000001941-9401571cc40411,Will Jacks,100/2(7.6),100,2,7.6
1412,2,19,2021-100mb00000000597-a0edfee691e511,Rajat Patidar,111/3(8.6),111,3,8.6
1412,2,19,2019-100mb00000000094-1e8fa14543ee11,Faf Du Plessis,121/4(9.3),121,4,9.3
1412,2,19,2024-100mb00000003114-45238324dfa011,Saurav Chauhan,122/5(9.6),122,5,9.6
1412,2,19,2019-100mb00000000184-117a285844b711,Mahipal Lomror,181/6(14.1),181,6,14.1
1412,2,19,2018-100mb00000000013-1031ba8ae99c11,Dinesh Karthik,244/7(18.5),244,7,18.5
1413,1,35,2019-100mb00000000062-8fa4884a17f311,Shubman Gill,11/1(1.5),11,1,1.5
1413,1,35,2019-100mb00000000225-a11ad1bc44c011,Wriddhiman Saha,28/2(3.5),28,2,3.5
1413,1,35,2022-100mb00000000976-79aa33cca44611,Sai Sudharsan,28/3(4.1),28,3,4.1
1413,1,35,2019-100mb00000000128-e95bebea449911,David Miller,30/4(4.6),30,4,4.6
1413,1,35,2022-100mb00000000974-314d9cf0a44611,Abhinav Manohar,47/5(8.3),47,5,8.3
1413,1,35,2021-100mb00000000590-85eaa6f291e011,Shahrukh Khan,48/6(8.5),48,6,8.5
1413,1,35,2019-100mb00000000120-7489ddcc449711,Rahul Tewatia,66/7(11.2),66,7,11.2
1413,1,35,2019-100mb00000000100-f196053e43f611,Mohit Sharma,78/8(14.6),78,8,14.6
1413,1,35,2019-100mb00000000218-42d9d6f544bf11,Rashid Khan,88/9(17.1),88,9,17.1
1413,1,35,2022-100mb00000000975-56f6385ba44611,Noor Ahmad,89/10(17.3),89,10,17.3
1413,2,14,2024-100mb00000003115-5afd8ccce29e11,Jake Fraser-McGurk,25/1(1.6),25,1,1.6
1413,2,14,2018-100mb00000000051-5a1d4ca2f88b11,Prithvi Shaw,31/2(2.4),31,2,2.4
1413,2,14,2022-100mb00000001580-2e206f715b5511,Abishek Porel,65/3(4.6),65,3,4.6
1413,2,14,2019-100mb00000000268-22e2e3987add11,Shai Hope,67/4(5.4),67,4,5.4
1414,1,16,2022-100mb00000001220-372333e3f9f711,Phil Salt,21/1(3.3),21,1,3.3
1414,1,16,20214a2b63d55d7711ec9c9202ea608,Angkrish Raghuvanshi,106/2(10.4),106,2,10.4
1414,1,16,2018-100mb00000000012-ea4c47d2e99b11,Shreyas Iyer,133/3(12.6),133,3,12.6
1414,1,16,2019-100mb00000000141-e67c41d144a711,Andre Russell,184/4(16.1),184,4,16.1
1414,1,16,2019-100mb00000000156-a6b6f42c44aa11,Sunil Narine,195/5(17.3),195,5,17.3
1414,1,16,2021-100mb00000000584-a3f48c1791dd11,Venkatesh Iyer,215/6(19.2),215,6,19.2
1414,2,18,2020-100mb00000000533-e895f279639811,Yashasvi Jaiswal,22/1(1.5),22,1,1.5
1414,2,18,2019-100mb00000000190-c62cbae544b711,Sanju Samson,47/2(4.2),47,2,4.2
1414,2,18,2019-100mb00000000189-ac8c327a44b711,Riyan Parag,97/3(7.5),97,3,7.5
1414,2,18,2022-100mb00000001004-da6e207ea44e11,Dhruv Jurel,100/4(8.4),100,4,8.4
1414,2,18,2018-100mb00000000045-f658f1b6f88a11,Ravichandran Ashwin,121/5(12.1),121,5,12.1
1414,2,18,2019-100mb00000000210-b8addb3444bb11,Shimron Hetmyer,121/6(12.2),121,6,12.2
1414,2,18,2019-100mb00000000329-bee19eaeb1e711,Rovman Powell,178/7(16.5),178,7,16.5
1414,2,18,2019-100mb00000000066-573f78a31e3711,Trent Boult,186/8(17.3),186,8,17.3
1415,1,17,2019-100mb00000000164-8ae075db44ad11,Ishan Kishan,18/1(2.1),18,1,2.1
1415,1,17,2018-100mb00000000006-2cf4bba8e99b11,Rohit Sharma,99/2(11.4),99,2,11.4
1415,1,17,2019-100mb00000000174-619a804244af11,Suryakumar Yadav,148/3(16.2),148,3,16.2
1415,1,17,2018-100mb00000000054-e3ebefa2050a11,Hardik Pandya,167/4(17.6),167,4,17.6
1415,1,17,2021-100mb00000000636-9e985b64160411,Tim David,190/5(19.2),190,5,19.2
1415,1,17,2019-100mb00000000371-481ee0be14fc11,Romario Shepherd,192/6(19.5),192,6,19.5
1415,1,17,2019-100mb00000000217-29d6c58644bf11,Mohammad Nabi,192/7(19.6),192,7,19.6
1415,2,15,2019-100mb00000000137-d774e3d1449c11,Prabhsimran Singh,10/1(0.3),10,1,0.3
1415,2,15,2022-100mb00000001426-5cf9b7f5336311,Rilee Rossouw,13/2(1.4),13,2,1.4
1415,2,15,2019-100mb00000000138-5bd8fcf6449d11,Sam Curran,14/3(1.6),14,3,1.6
1415,2,15,2019-100mb00000000183-f4a991db44b611,Liam Livingstone,14/4(2.1),14,4,2.1
1415,2,15,2023-100mb00000001934-cfa99deac40011,Harpreet Bhatia,49/5(6.5),49,5,6.5
1415,2,15,2022-100mb00000001000-d90666b7a44d11,Jitesh Sharma,77/6(9.2),77,6,9.2
1415,2,15,2019-100mb00000000191-df21803b44b711,Shashank Singh,111/7(12.1),111,7,12.1
1415,2,15,2024-100mb00000003109-b7f98c40df9d11,Ashutosh Sharma,168/8(17.1),168,8,17.1
1415,2,15,2019-100mb00000000130-89338eb7449a11,Harpreet Brar,174/9(18.4),174,9,18.4
1415,2,15,2019-100mb00000000116-dbd48930449611,Kagiso Rabada,183/10(19.1),183,10,19.1
1416,1,13,2021-100mb00000000724-7645abdd460011,Rachin Ravindra,4/1(1.1),4,1,1.1
1416,1,13,2019-100mb00000000102-28e7fca043fc11,Ruturaj Gaikwad,33/2(4.2),33,2,4.2
1416,1,13,2018-100mb00000000044-e03a43dbf88a11,Ajinkya Rahane,68/3(8.1),68,3,8.1
1416,1,13,2019-100mb00000000211-dc1f6a2544bb11,Shivam Dube,87/4(11.1),87,4,11.1
1416,1,13,2022-100mb00000001229-0174f02b040d11,Sameer Rizwi,90/5(12.2),90,5,12.2
1416,1,13,2019-100mb00000000206-501d92f644bb11,Moeen Ali,141/6(17.5),141,6,17.5
1416,2,77,2019-100mb00000000170-9429250944ae11,Quinton De Kock,134/1(14.6),134,1,14.6
1416,2,77,2018-100mb00000000019-80e59e32e99c11,K L Rahul,161/2(17.1),161,2,17.1
1417,1,20,2019-100mb00000000212-9df3a24d44bc11,Abhishek Sharma,131/1(6.2),131,1,6.2
1417,1,20,2019-100mb00000000287-ca1a6bb17ae311,Aiden Markram,133/2(6.6),133,2,6.6
1417,1,20,2018-100mb00000000037-4e250de6f88a11,Travis Head,154/3(8.6),154,3,8.6
1417,1,20,2019-100mb00000000202-438eed6944ba11,Heinrich Klaasen,154/4(9.1),154,4,9.1
1417,1,20,2023-100mb00000001944-c9a4b0e8c40511,Nitish Kumar Reddy,221/5(16.6),221,5,16.6
1417,1,20,2020-100mb00000000525-4d2e1ac6639511,Abdul Samad,250/6(19.1),250,6,19.1
1417,1,20,2018-100mb00000000033-d93110bbf88911,Pat Cummins,256/7(19.4),256,7,19.4
1417,2,14,2018-100mb00000000051-5a1d4ca2f88b11,Prithvi Shaw,16/1(0.5),16,1,0.5
1417,2,14,2019-100mb00000000214-df216bed44bc11,David Warner,25/2(1.6),25,2,1.6
1417,2,14,2024-100mb00000003115-5afd8ccce29e11,Jake Fraser-McGurk,109/3(6.6),109,3,6.6
1417,2,14,2022-100mb00000001580-2e206f715b5511,Abishek Porel,135/4(8.5),135,4,8.5
1417,2,14,2022-100mb00000001017-3e376712cc7911,Tristan Stubbs,154/5(12.2),154,5,12.2
1417,2,14,2020-100mb00000000538-c16259a1639a11,Lalit Yadav,166/6(14.6),166,6,14.6
1417,2,14,2019-100mb00000000110-79ae08f5449411,Axar Patel,199/7(18.1),199,7,18.1
1417,2,14,2019-100mb00000000142-040303a144a811,Anrich Nortje,199/8(18.3),199,8,18.3
1417,2,14,2018-100mb00000000014-227bc550e99c11,Kuldeep Yadav,199/9(18.4),199,9,18.4
1417,2,14,2018-100mb00000000018-6e65e6f7e99c11,Rishabh Pant,199/10(19.1),199,10,19.1
1418,1,16,2022-100mb00000001220-372333e3f9f711,Phil Salt,56/1(4.2),56,1,4.2
1418,1,16,2019-100mb00000000156-a6b6f42c44aa11,Sunil Narine,66/2(5.2),66,2,5.2
1418,1,16,20214a2b63d55d7711ec9c9202ea608,Angkrish Raghuvanshi,75/3(5.6),75,3,5.6
1418,1,16,2021-100mb00000000584-a3f48c1791dd11,Venkatesh Iyer,97/4(8.2),97,4,8.2
1418,1,16,2019-100mb00000000152-335aed3d44aa11,Rinku Singh,137/5(13.1),137,5,13.1
1418,1,16,2018-100mb00000000012-ea4c47d2e99b11,Shreyas Iyer,179/6(17.2),179,6,17.2
1418,2,19,2018-wicb00000000002-47ea5a6ae99a11,Virat Kohli,27/1(2.1),27,1,2.1
1418,2,19,2019-100mb00000000094-1e8fa14543ee11,Faf Du Plessis,35/2(3.1),35,2,3.1
1418,2,19,2023-100mb00000001941-9401571cc40411,Will Jacks,137/3(11.1),137,3,11.1
1418,2,19,2021-100mb00000000597-a0edfee691e511,Rajat Patidar,138/4(11.4),138,4,11.4
1418,2,19,2020-100mb00000000550-247665a42ff311,Cameron Green,151/5(12.3),151,5,12.3
1418,2,19,2019-100mb00000000184-117a285844b711,Mahipal Lomror,155/6(12.6),155,6,12.6
1418,2,19,2021-100mb00000000598-bffd454291e511,Suyash S Prabhudessai,187/7(17.2),187,7,17.2
1418,2,19,2018-100mb00000000013-1031ba8ae99c11,Dinesh Karthik,202/8(18.6),202,8,18.6
1418,2,19,2019-100mb00000000098-7a8c366b43f611,Karn Sharma,220/9(19.5),220,9,19.5
1418,2,19,2019-100mb00000000069-7aeb5c411e3711,Lockie Ferguson,221/10(19.6),221,10,19.6
1419,1,15,2019-100mb00000000137-d774e3d1449c11,Prabhsimran Singh,52/1(5.3),52,1,5.3
1419,1,15,2022-100mb00000001426-5cf9b7f5336311,Rilee Rossouw,63/2(6.6),63,2,6.6
1419,1,15,2019-100mb00000000138-5bd8fcf6449d11,Sam Curran,67/3(7.5),67,3,7.5
1419,1,15,2019-100mb00000000183-f4a991db44b611,Liam Livingstone,78/4(10.2),78,4,10.2
1419,1,15,2022-100mb00000001000-d90666b7a44d11,Jitesh Sharma,86/5(11.4),86,5,11.4
1419,1,15,2024-100mb00000003109-b7f98c40df9d11,Ashutosh Sharma,92/6(13.5),92,6,13.5
1419,1,15,2019-100mb00000000191-df21803b44b711,Shashank Singh,99/7(15.2),99,7,15.2
1419,1,15,2019-100mb00000000130-89338eb7449a11,Harpreet Brar,139/8(18.6),139,8,18.6
1419,1,15,2019-100mb00000000114-8c98068c449611,Harshal Patel,140/9(19.2),140,9,19.2
1419,1,15,2023-100mb00000001934-cfa99deac40011,Harpreet Bhatia,142/10(19.6),142,10,19.6
1419,2,35,2019-100mb00000000225-a11ad1bc44c011,Wriddhiman Saha,25/1(3.4),25,1,3.4
1419,2,35,2019-100mb00000000062-8fa4884a17f311,Shubman Gill,66/2(9.3),66,2,9.3
1419,2,35,2019-100mb00000000128-e95bebea449911,David Miller,77/3(11.5),77,3,11.5
1419,2,35,2022-100mb00000000976-79aa33cca44611,Sai Sudharsan,97/4(14.4),97,4,14.4
1419,2,35,2022-100mb00000001354-5a766b041e0411,Azmatullah Omarzai,103/5(15.2),103,5,15.2
1419,2,35,2021-100mb00000000590-85eaa6f291e011,Shahrukh Khan,138/6(18.1),138,6,18.1
1419,2,35,2019-100mb00000000218-42d9d6f544bf11,Rashid Khan,142/7(18.6),142,7,18.6
1420,1,17,2018-100mb00000000006-2cf4bba8e99b11,Rohit Sharma,6/1(0.5),6,1,0.5
1420,1,17,2019-100mb00000000164-8ae075db44ad11,Ishan Kishan,6/2(1.3),6,2,1.3
1420,1,17,2019-100mb00000000174-619a804244af11,Suryakumar Yadav,20/3(3.1),20,3,3.1
1420,1,17,2019-100mb00000000217-29d6c58644bf11,Mohammad Nabi,52/4(7.3),52,4,7.3
1420,1,17,2022-100mb00000001541-e0ad58e954e911,Nehal Wadera,151/5(16.1),151,5,16.1
1420,1,17,2018-100mb00000000054-e3ebefa2050a11,Hardik Pandya,170/6(18.2),170,6,18.2
1420,1,17,2022-100mb00000000993-60c58f9ea44c11,Tilak Varma,176/7(19.1),176,7,19.1
1420,1,17,2023-100mb00000002535-239c770f61da11,Gerald Coetzee,176/8(19.2),176,8,19.2
1420,1,17,2021-100mb00000000636-9e985b64160411,Tim David,177/9(19.5),177,9,19.5
1420,2,18,2019-100mb00000000182-b78f12ef44b611,Jos Buttler,74/1(7.6),74,1,7.6
1423,1,19,2019-100mb00000000094-1e8fa14543ee11,Faf Du Plessis,48/1(3.5),48,1,3.5
1423,1,19,2023-100mb00000001941-9401571cc40411,Will Jacks,65/2(6.6),65,2,6.6
1423,1,19,2021-100mb00000000597-a0edfee691e511,Rajat Patidar,130/3(12.4),130,3,12.4
1423,1,19,2018-wicb00000000002-47ea5a6ae99a11,Virat Kohli,140/4(14.5),140,4,14.5
1423,1,19,2019-100mb00000000184-117a285844b711,Mahipal Lomror,161/5(16.3),161,5,16.3
1423,1,19,2018-100mb00000000013-1031ba8ae99c11,Dinesh Karthik,193/6(18.5),193,6,18.5
1423,1,19,2022-100mb00000001483-5afb915c543411,Swapnil Singh,206/7(19.6),206,7,19.6
1423,2,20,2018-100mb00000000037-4e250de6f88a11,Travis Head,3/1(0.6),3,1,0.6
1423,2,20,2019-100mb00000000212-9df3a24d44bc11,Abhishek Sharma,37/2(3.4),37,2,3.4
1423,2,20,2019-100mb00000000287-ca1a6bb17ae311,Aiden Markram,41/3(4.2),41,3,4.2
1423,2,20,2019-100mb00000000202-438eed6944ba11,Heinrich Klaasen,56/4(4.6),56,4,4.6
1423,2,20,2023-100mb00000001944-c9a4b0e8c40511,Nitish Kumar Reddy,69/5(7.2),69,5,7.2
1423,2,20,2020-100mb00000000525-4d2e1ac6639511,Abdul Samad,85/6(9.1),85,6,9.1
1423,2,20,2018-100mb00000000033-d93110bbf88911,Pat Cummins,124/7(13.1),124,7,13.1
1423,2,20,2018-100mb00000000015-3501d442e99c11,Bhuvneshwar Kumar,141/8(15.5),141,8,15.5
1422,1,14,2024-100mb00000003115-5afd8ccce29e11,Jake Fraser-Mcgurk,35/1(3.2),35,1,3.2
1422,1,14,2018-100mb00000000051-5a1d4ca2f88b11,Prithvi Shaw,36/2(3.5),36,2,3.5
1422,1,14,2019-100mb00000000268-22e2e3987add11,Shai Hope,44/3(5.4),44,3,5.4
1422,1,14,2019-100mb00000000110-79ae08f5449411,Axar Patel,157/4(16.6),157,4,16.6
1422,2,35,2019-100mb00000000062-8fa4884a17f311,Shubman Gill,13/1(1.3),13,1,1.3
1422,2,35,2019-100mb00000000225-a11ad1bc44c011,Wriddhiman Saha,95/2(9.4),95,2,9.4
1422,2,35,2022-100mb00000001354-5a766b041e0411,Azmatullah Omarzai,98/3(10.1),98,3,10.1
1422,2,35,2022-100mb00000000976-79aa33cca44611,Sai Sudharsan,121/4(12.4),121,4,12.4
1422,2,35,2021-100mb00000000590-85eaa6f291e011,Shahrukh Khan,139/5(14.1),139,5,14.1
1422,2,35,2019-100mb00000000120-7489ddcc449711,Rahul Tewatia,152/6(15.6),152,6,15.6
1422,2,35,2019-100mb00000000128-e95bebea449911,David Miller,181/7(17.3),181,7,17.3
1422,2,35,2020-100mb00000000544-980117aa639c11,Sai Kishore,206/8(18.6),206,8,18.6
1424,1,16,2019-100mb00000000156-a6b6f42c44aa11,Sunil Narine,138/1(10.2),138,1,10.2
1424,1,16,2022-100mb00000001220-372333e3f9f711,Phil Salt,163/2(12.3),163,2,12.3
1424,1,16,2019-100mb00000000141-e67c41d144a711,Andre Russell,203/3(15.3),203,3,15.3
1424,1,16,2018-100mb00000000012-ea4c47d2e99b11,Shreyas Iyer,246/4(18.3),246,4,18.3
1424,1,16,2019-100mb00000000152-335aed3d44aa11,Rinku Singh,253/5(19.2),253,5,19.2
1424,1,16,2021-100mb00000000584-a3f48c1791dd11,Venkatesh Iyer,261/6(19.6),261,6,19.6
1424,2,15,2019-100mb00000000137-d774e3d1449c11,Prabhsimran Singh,93/1(5.6),93,1,5.6
1424,2,15,2022-100mb00000001426-5cf9b7f5336311,Rilee Rossouw,178/2(12.3),178,2,12.3
1421,1,13,2018-100mb00000000044-e03a43dbf88a11,Ajinkya Rahane,4/1(0.6),4,1,0.6
1421,1,13,2019-100mb00000000083-a7fea83029c211,Daryl Mitchell,49/2(5.2),49,2,5.2
1421,1,13,2018-100mb00000000046-06b5ba89f88b11,Ravindra Jadeja,101/3(11.5),101,3,11.5
1421,1,13,2019-100mb00000000211-dc1f6a2544bb11,Shivam Dube,205/4(19.4),205,4,19.4
1421,2,77,2019-100mb00000000170-9429250944ae11,Quinton De Kock,0/1(0.3),0,1,0.3
1421,2,77,2018-100mb00000000019-80e59e32e99c11,K L Rahul,33/2(4.4),33,2,4.4
1421,2,77,2019-100mb00000000200-1283ad3244ba11,Devdutt Padikkal,88/3(10.6),88,3,10.6
1421,2,77,2019-100mb00000000136-9313d156449c11,Nicholas Pooran,158/4(16.3),158,4,16.3
1426,1,77,2019-100mb00000000170-9429250944ae11,Quinton De Kock,8/1(0.3),8,1,0.3
1426,1,77,2018-100mb00000000023-201fd633e99d11,Marcus Stoinis,11/2(1.6),11,2,1.6
1426,1,77,2019-100mb00000000215-f86e728844bc11,Deepak Hooda,126/3(12.1),126,3,12.1
1426,1,77,2019-100mb00000000136-9313d156449c11,Nicholas Pooran,150/4(15.1),150,4,15.1
1426,1,77,2018-100mb00000000019-80e59e32e99c11,K L Rahul,173/5(17.2),173,5,17.2
1426,2,18,2019-100mb00000000182-b78f12ef44b611,Jos Buttler,60/1(5.5),60,1,5.5
1426,2,18,2020-100mb00000000533-e895f279639811,Yashasvi Jaiswal,60/2(6.1),60,2,6.1
1426,2,18,2019-100mb00000000189-ac8c327a44b711,Riyan Parag,78/3(8.4),78,3,8.4
1425,1,14,2024-100mb00000003115-5afd8ccce29e11,Jake Fraser - McGurk,114/1(7.3),114,1,7.3
1425,1,14,2022-100mb00000001580-2e206f715b5511,Abishek Porel,127/2(9.4),127,2,9.4
1425,1,14,2019-100mb00000000268-22e2e3987add11,Shai Hope,180/3(13.4),180,3,13.4
1425,1,14,2018-100mb00000000018-6e65e6f7e99c11,Rishabh Pant,235/4(18.1),235,4,18.1
1425,2,17,2018-100mb00000000006-2cf4bba8e99b11,Rohit Sharma,35/1(3.1),35,1,3.1
1425,2,17,2019-100mb00000000164-8ae075db44ad11,Ishan Kishan,45/2(4.1),45,2,4.1
1425,2,17,2019-100mb00000000174-619a804244af11,Suryakumar Yadav,65/3(5.6),65,3,5.6
1425,2,17,2018-100mb00000000054-e3ebefa2050a11,Hardik Pandya,136/4(12.3),136,4,12.3
1425,2,17,2022-100mb00000001541-e0ad58e954e911,Nehal Wadera,140/5(12.5),140,5,12.5
1425,2,17,2021-100mb00000000636-9e985b64160411,Tim David,210/6(17.4),210,6,17.4
1425,2,17,2019-100mb00000000217-29d6c58644bf11,Mohammad Nabi,223/7(18.3),223,7,18.3
1425,2,17,2022-100mb00000000993-60c58f9ea44c11,Tilak Varma,234/8(19.1),234,8,19.1
1425,2,17,2019-100mb00000000149-10d5663944a911,Piyush Chawla,247/9(19.6),247,9,19.6
1427,1,35,2019-100mb00000000225-a11ad1bc44c011,Wriddhiman Saha,6/1(0.6),6,1,0.6
1427,1,35,2019-100mb00000000062-8fa4884a17f311,Shubman Gill,45/2(6.4),45,2,6.4
1427,1,35,2021-100mb00000000590-85eaa6f291e011,Shahrukh Khan,131/3(14.1),131,3,14.1
1427,2,19,2019-100mb00000000094-1e8fa14543ee11,Faf Du Plessis,40/1(3.5),40,1,3.5
1428,1,13,2018-100mb00000000044-e03a43dbf88a11,Ajinkya Rahane,19/1(2.5),19,1,2.5
1428,1,13,2019-100mb00000000083-a7fea83029c211,Daryl Mitchell,126/2(13.3),126,2,13.3
1428,1,13,2019-100mb00000000102-28e7fca043fc11,Ruturaj Gaikwad,200/3(19.2),200,3,19.2
1428,2,20,2018-100mb00000000037-4e250de6f88a11,Travis Head,21/1(1.5),21,1,1.5
1428,2,20,2019-100mb00000000159-555d54fd44ac11,Anmolpreet Singh,21/2(1.6),21,2,1.6
1428,2,20,2019-100mb00000000212-9df3a24d44bc11,Abhishek Sharma,40/3(3.5),40,3,3.5
1428,2,20,2023-100mb00000001944-c9a4b0e8c40511,Nitish Kumar Reddy,72/4(8.5),72,4,8.5
1428,2,20,2019-100mb00000000287-ca1a6bb17ae311,Aiden Markram,85/5(10.5),85,5,10.5
1428,2,20,2019-100mb00000000202-438eed6944ba11,Heinrich Klaasen,117/6(15.5),117,6,15.5
1428,2,20,2020-100mb00000000525-4d2e1ac6639511,Abdul Samad,119/7(16.2),119,7,16.2
1428,2,20,2018-100mb00000000033-d93110bbf88911,Pat Cummins,124/8(17.3),124,8,17.3
1428,2,20,2020-100mb00000000523-53bc4c09638b11,Shahbaz Ahmed,132/9(18.2),132,9,18.2
1428,2,20,2019-100mb00000000180-1352e0b244b611,Jaydev Unadkat,134/10(18.5),134,10,18.5
1429,1,14,2018-100mb00000000051-5a1d4ca2f88b11,Prithvi Shaw,17/1(1.3),17,1,1.3
1429,1,14,2024-100mb00000003115-5afd8ccce29e11,Jake Fraser - McGurk,30/2(2.5),30,2,2.5
1429,1,14,2019-100mb00000000268-22e2e3987add11,Shai Hope,37/3(3.3),37,3,3.3
1429,1,14,2022-100mb00000001580-2e206f715b5511,Abishek Porel,68/4(6.4),68,4,6.4
1429,1,14,2018-100mb00000000018-6e65e6f7e99c11,Rishabh Pant,93/5(10.1),93,5,10.1
1429,1,14,2022-100mb00000001017-3e376712cc7911,Tristan Stubbs,99/6(12.1),99,6,12.1
1429,1,14,2019-100mb00000000110-79ae08f5449411,Axar Patel,101/7(13.3),101,7,13.3
1429,1,14,2024-100mb00000003101-b9f9be41df9511,Kumar Kushagra,111/8(14.3),111,8,14.3
1429,1,14,2019-100mb00000000172-1befbbeb44af11,Rasikh Salam,140/9(18.2),140,9,18.2
1429,2,16,2019-100mb00000000156-a6b6f42c44aa11,Sunil Narine,79/1(6.1),79,1,6.1
1429,2,16,2022-100mb00000001220-372333e3f9f711,Phil Salt,96/2(8.1),96,2,8.1
1429,2,16,2019-100mb00000000152-335aed3d44aa11,Rinku Singh,100/3(9.2),100,3,9.2
1430,1,17,2018-100mb00000000006-2cf4bba8e99b11,Rohit Sharma,7/1(1.3),7,1,1.3
1430,1,17,2019-100mb00000000174-619a804244af11,Suryakumar Yadav,18/2(2.4),18,2,2.4
1430,1,17,2022-100mb00000000993-60c58f9ea44c11,Tilak Varma,27/3(5.1),27,3,5.1
1430,1,17,2018-100mb00000000054-e3ebefa2050a11,Hardik Pandya,27/4(5.2),27,4,5.2
1430,1,17,2019-100mb00000000164-8ae075db44ad11,Ishan Kishan,80/5(13.6),80,5,13.6
1430,1,17,2022-100mb00000001541-e0ad58e954e911,Nehal Wadera,112/6(17.1),112,6,17.1
1430,1,17,2019-100mb00000000217-29d6c58644bf11,Mohammad Nabi,123/7(18.1),123,7,18.1
1430,2,77,2023-100mb00000002788-734d7bb794fb11,Arshin Atul Kulkarni,1/1(0.4),1,1,0.4
1430,2,77,2018-100mb00000000019-80e59e32e99c11,K L Rahul,59/2(7.2),59,2,7.2
1430,2,77,2019-100mb00000000215-f86e728844bc11,Deepak Hooda,99/3(13.1),99,3,13.1
1430,2,77,2018-100mb00000000023-201fd633e99d11,Marcus Stoinis,115/4(14.5),115,4,14.5
1430,2,77,2019-100mb00000000086-8d7f2f7d30f311,Ashton Turner,123/5(17.1),123,5,17.1
1430,2,77,2022-100mb00000000985-f5950061a44811,Ayush Badoni,133/6(18.1),133,6,18.1
1431,1,13,2018-100mb00000000044-e03a43dbf88a11,Ajinkya Rahane,64/1(8.2),64,1,8.2
1431,1,13,2019-100mb00000000211-dc1f6a2544bb11,Shivam Dube,65/2(8.3),65,2,8.3
1431,1,13,2018-100mb00000000046-06b5ba89f88b11,Ravindra Jadeja,70/3(9.5),70,3,9.5
1431,1,13,2022-100mb00000001229-0174f02b040d11,Sameer Rizwi,107/4(15.3),107,4,15.3
1431,1,13,2019-100mb00000000102-28e7fca043fc11,Ruturaj Gaikwad,145/5(17.5),145,5,17.5
1431,1,13,2019-100mb00000000206-501d92f644bb11,Moeen Ali,147/6(18.4),147,6,18.4
1431,1,13,2019-100mb00000000057-57100cf415ba11,MS Dhoni,162/7(19.6),162,7,19.6
1431,2,15,2019-100mb00000000137-d774e3d1449c11,Prabhsimran Singh,19/1(3.1),19,1,3.1
1431,2,15,2019-100mb00000000216-33c1188144bd11,Jonny Bairstow,83/2(9.2),83,2,9.2
1431,2,15,2022-100mb00000001426-5cf9b7f5336311,Rilee Rossouw,113/3(11.6),113,3,11.6
1432,1,20,2019-100mb00000000212-9df3a24d44bc11,Abhishek Sharma,25/1(4.1),25,1,4.1
1432,1,20,2019-100mb00000000159-555d54fd44ac11,Anmolpreet Singh,35/2(5.1),35,2,5.1
1432,1,20,2018-100mb00000000037-4e250de6f88a11,Travis Head,131/3(14.4),131,3,14.4
1432,2,18,2019-100mb00000000182-b78f12ef44b611,Jos Buttler,1/1(0.2),1,1,0.2
1432,2,18,2019-100mb00000000190-c62cbae544b711,Sanju Samson,1/2(0.5),1,2,0.5
1432,2,18,2020-100mb00000000533-e895f279639811,Yashasvi Jaiswal,135/3(13.3),135,3,13.3
1432,2,18,2019-100mb00000000189-ac8c327a44b711,Riyan Parag,159/4(15.5),159,4,15.5
1432,2,18,2019-100mb00000000210-b8addb3444bb11,Shimron Hetmyer,181/5(17.4),181,5,17.4
1432,2,18,2022-100mb00000001004-da6e207ea44e11,Dhruv Jurel,182/6(18.1),182,6,18.1
1432,2,18,2019-100mb00000000329-bee19eaeb1e711,Rovman Powell,200/7(19.6),200,7,19.6
1433,1,16,2022-100mb00000001220-372333e3f9f711,Phil Salt,7/1(0.4),7,1,0.4
1433,1,16,20214a2b63d55d7711ec9c9202ea608,Angkrish Raghuvanshi,22/2(2.2),22,2,2.2
1433,1,16,2018-100mb00000000012-ea4c47d2e99b11,Shreyas Iyer,28/3(2.6),28,3,2.6
1433,1,16,2019-100mb00000000156-a6b6f42c44aa11,Sunil Narine,43/4(4.2),43,4,4.2
1433,1,16,2019-100mb00000000152-335aed3d44aa11,Rinku Singh,57/5(6.1),57,5,6.1
1433,1,16,2018-100mb00000000016-483406cee99c11,Manish Pandey,140/6(16.2),140,6,16.2
1433,1,16,2019-100mb00000000141-e67c41d144a711,Andre Russell,153/7(16.6),153,7,16.6
1433,1,16,2022-100mb00000000991-d9fbad51a44b11,Ramandeep Singh,155/8(17.4),155,8,17.4
1433,1,16,2018-100mb00000000031-b334eaf6f08611,Mitchell Starc,155/9(17.6),155,9,17.6
1433,1,16,2021-100mb00000000584-a3f48c1791dd11,Venkatesh Iyer,169/10(19.5),169,10,19.5
1433,2,17,2019-100mb00000000164-8ae075db44ad11,Ishan Kishan,16/1(1.4),16,1,1.4
1433,2,17,2024-100mb00000003107-805cae57df9b11,Naman Dhir,38/2(4.1),38,2,4.1
1433,2,17,2018-100mb00000000006-2cf4bba8e99b11,Rohit Sharma,46/3(5.5),46,3,5.5
1433,2,17,2022-100mb00000000993-60c58f9ea44c11,Tilak Varma,61/4(8.4),61,4,8.4
1433,2,17,2022-100mb00000001541-e0ad58e954e911,Nehal Wadera,70/5(10.5),70,5,10.5
1433,2,17,2018-100mb00000000054-e3ebefa2050a11,Hardik Pandya,71/6(11.2),71,6,11.2
1433,2,17,2019-100mb00000000174-619a804244af11,Suryakumar Yadav,120/7(15.3),120,7,15.3
1433,2,17,2021-100mb00000000636-9e985b64160411,Tim David,144/8(18.2),144,8,18.2
1433,2,17,2019-100mb00000000149-10d5663944a911,Piyush Chawla,144/9(18.3),144,9,18.3
1433,2,17,2023-100mb00000002535-239c770f61da11,Gerald Coetzee,145/10(18.5),145,10,18.5
1435,1,13,2018-100mb00000000044-e03a43dbf88a11,Ajinkya Rahane,12/1(1.5),12,1,1.5
1435,1,13,2019-100mb00000000102-28e7fca043fc11,Ruturaj Gaikwad,69/2(7.1),69,2,7.1
1435,1,13,2019-100mb00000000211-dc1f6a2544bb11,Shivam Dube,69/3(7.2),69,3,7.2
1435,1,13,2019-100mb00000000083-a7fea83029c211,Daryl Mitchell,75/4(8.5),75,4,8.5
1435,1,13,2019-100mb00000000206-501d92f644bb11,Moeen Ali,101/5(12.4),101,5,12.4
1435,1,13,2019-100mb00000000075-0984e17e1e4011,Mitchell Santner,122/6(15.6),122,6,15.6
1435,1,13,2019-100mb00000000105-4c526de743fe11,Shardul Thakur,150/7(18.4),150,7,18.4
1435,1,13,2019-100mb00000000057-57100cf415ba11,MS Dhoni,150/8(18.5),150,8,18.5
1435,1,13,2018-100mb00000000046-06b5ba89f88b11,Ravindra Jadeja,164/9(19.4),164,9,19.4
1435,2,15,2019-100mb00000000216-33c1188144bd11,Jonny Bairstow,9/1(1.3),9,1,1.3
1435,2,15,2022-100mb00000001426-5cf9b7f5336311,Rilee Rossouw,9/2(1.6),9,2,1.6
1435,2,15,2019-100mb00000000191-df21803b44b711,Shashank Singh,62/3(7.6),62,3,7.6
1435,2,15,2019-100mb00000000137-d774e3d1449c11,Prabhsimran Singh,68/4(8.6),68,4,8.6
1435,2,15,2022-100mb00000001000-d90666b7a44d11,Jitesh Sharma,69/5(9.4),69,5,9.4
1435,2,15,2019-100mb00000000138-5bd8fcf6449d11,Sam Curran,77/6(12.1),77,6,12.1
1435,2,15,2024-100mb00000003109-b7f98c40df9d11,Ashutosh Sharma,78/7(12.3),78,7,12.3
1435,2,15,2019-100mb00000000114-8c98068c449611,Harshal Patel,90/8(14.4),90,8,14.4
1435,2,15,2019-100mb00000000171-b2aa538f44ae11,Rahul Chahar,117/9(17.3),117,9,17.3
1434,1,35,2019-100mb00000000225-a11ad1bc44c011,Wriddhiman Saha,1/1(1.3),1,1,1.3
1434,1,35,2019-100mb00000000062-8fa4884a17f311,Shubman Gill,10/2(3.5),10,2,3.5
1434,1,35,2022-100mb00000000976-79aa33cca44611,Sai Sudharsan,19/3(5.3),19,3,5.3
1434,1,35,2019-100mb00000000128-e95bebea449911,David Miller,80/4(11.4),80,4,11.4
1434,1,35,2021-100mb00000000590-85eaa6f291e011,Shahrukh Khan,87/5(12.4),87,5,12.4
1434,1,35,2019-100mb00000000218-42d9d6f544bf11,Rashid Khan,131/6(17.3),131,6,17.3
1434,1,35,2019-100mb00000000120-7489ddcc449711,Rahul Tewatia,136/7(17.6),136,7,17.6
1434,1,35,2023-100mb00000002443-6e52f4271f0211,Manav Suthar,147/8(19.1),147,8,19.1
1434,1,35,2019-100mb00000000100-f196053e43f611,Mohit Sharma,147/9(19.2),147,9,19.2
1434,1,35,2019-100mb00000000061-6d68257c17f311,Vijay Shankar,147/10(19.3),147,10,19.3
1434,2,19,2019-100mb00000000094-1e8fa14543ee11,Faf Du Plessis,92/1(5.5),92,1,5.5
1434,2,19,2023-100mb00000001941-9401571cc40411,Will Jacks,99/2(6.5),99,2,6.5
1434,2,19,2021-100mb00000000597-a0edfee691e511,Rajat Patidar,103/3(7.3),103,3,7.3
1434,2,19,2018-100mb00000000028-acc7d0a3e99d11,Glenn Maxwell,107/4(7.6),107,4,7.6
1434,2,19,2020-100mb00000000550-247665a42ff311,Cameron Green,111/5(9.5),111,5,9.5
1434,2,19,2018-wicb00000000002-47ea5a6ae99a11,Virat Kohli,117/6(10.4),117,6,10.4
1436,1,16,2022-100mb00000001220-372333e3f9f711,Phil Salt,61/1(4.2),61,1,4.2
1436,1,16,2019-100mb00000000156-a6b6f42c44aa11,Sunil Narine,140/2(11.6),140,2,11.6
1436,1,16,2019-100mb00000000141-e67c41d144a711,Andre Russell,167/3(14.2),167,3,14.2
1436,1,16,20214a2b63d55d7711ec9c9202ea608,Angkrish Raghuvanshi,171/4(15.1),171,4,15.1
1436,1,16,2019-100mb00000000152-335aed3d44aa11,Rinku Singh,200/5(17.6),200,5,17.6
1436,1,16,2018-100mb00000000012-ea4c47d2e99b11,Shreyas Iyer,224/6(19.3),224,6,19.3
1436,2,77,2023-100mb00000002788-734d7bb794fb11,Arshin Atul Kulkarni,20/1(1.6),20,1,1.6
1436,2,77,2018-100mb00000000019-80e59e32e99c11,K L Rahul,70/2(7.3),70,2,7.3
1436,2,77,2019-100mb00000000215-f86e728844bc11,Deepak Hooda,77/3(8.2),77,3,8.2
1436,2,77,2018-100mb00000000023-201fd633e99d11,Marcus Stoinis,85/4(9.1),85,4,9.1
1436,2,77,2019-100mb00000000136-9313d156449c11,Nicholas Pooran,101/5(11.2),101,5,11.2
1436,2,77,2022-100mb00000000985-f5950061a44811,Ayush Badoni,109/6(12.3),109,6,12.3
1436,2,77,2019-100mb00000000086-8d7f2f7d30f311,Ashton Turner,125/7(13.6),125,7,13.6
1436,2,77,2018-100mb00000000017-5e389774e99c11,Krunal Pandya,129/8(14.4),129,8,14.4
1436,2,77,2021-100mb00000000587-d15a3db891de11,Yudhvir Singh,137/9(15.6),137,9,15.6
1436,2,77,2020-100mb00000000520-c2b1e0df638711,Ravi Bishnoi,137/10(16.1),137,10,16.1
1437,1,20,2019-100mb00000000212-9df3a24d44bc11,Abhishek Sharma,56/1(5.5),56,1,5.5
1437,1,20,2018-100mb00000000055-ed853d8f050a11,Mayank Agarwal,68/2(7.4),68,2,7.4
1437,1,20,2018-100mb00000000037-4e250de6f88a11,Travis Head,90/3(10.3),90,3,10.3
1437,1,20,2023-100mb00000001944-c9a4b0e8c40511,Nitish Kumar Reddy,92/4(11.1),92,4,11.1
1437,1,20,2019-100mb00000000202-438eed6944ba11,Heinrich Klaasen,96/5(12.1),96,5,12.1
1437,1,20,2020-100mb00000000523-53bc4c09638b11,Shahbaz Ahmed,120/6(15.1),120,6,15.1
1437,1,20,2021-100mb00000000586-8238f85f91de11,Marco Jansen,124/7(15.5),124,7,15.5
1437,1,20,2020-100mb00000000525-4d2e1ac6639511,Abdul Samad,136/8(16.6),136,8,16.6
1437,2,17,2019-100mb00000000164-8ae075db44ad11,Ishan Kishan,26/1(1.4),26,1,1.4
1437,2,17,2018-100mb00000000006-2cf4bba8e99b11,Rohit Sharma,31/2(3.2),31,2,3.2
1437,2,17,2024-100mb00000003107-805cae57df9b11,Naman Dhir,31/3(4.1),31,3,4.1
1440,1,19,2019-100mb00000000094-1e8fa14543ee11,Faf Du Plessis,19/1(2.2),19,1,2.2
1440,1,19,2023-100mb00000001941-9401571cc40411,Will Jacks,43/2(4.4),43,2,4.4
1440,1,19,2021-100mb00000000597-a0edfee691e511,Rajat Patidar,119/3(9.6),119,3,9.6
1440,1,19,2018-wicb00000000002-47ea5a6ae99a11,Virat Kohli,211/4(17.4),211,4,17.4
1440,1,19,2018-100mb00000000013-1031ba8ae99c11,Dinesh Karthik,238/5(19.1),238,5,19.1
1440,1,19,2019-100mb00000000184-117a285844b711,Mahipal Lomror,240/6(19.4),240,6,19.4
1440,1,19,2020-100mb00000000550-247665a42ff311,Cameron Green,241/7(19.6),241,7,19.6
1440,2,15,2019-100mb00000000137-d774e3d1449c11,Prabhsimran Singh,6/1(0.4),6,1,0.4
1440,2,15,2019-100mb00000000216-33c1188144bd11,Jonny Bairstow,71/2(5.5),71,2,5.5
1440,2,15,2022-100mb00000001426-5cf9b7f5336311,Rilee Rossouw,107/3(8.6),107,3,8.6
1440,2,15,2022-100mb00000001000-d90666b7a44d11,Jitesh Sharma,125/4(10.5),125,4,10.5
1440,2,15,2019-100mb00000000183-f4a991db44b611,Liam Livingstone,126/5(11.2),126,5,11.2
1440,2,15,2019-100mb00000000191-df21803b44b711,Shashank Singh,151/6(13.4),151,6,13.4
1440,2,15,2024-100mb00000003109-b7f98c40df9d11,Ashutosh Sharma,164/7(14.6),164,7,14.6
1440,2,15,2019-100mb00000000138-5bd8fcf6449d11,Sam Curran,170/8(15.3),170,8,15.3
1440,2,15,2019-100mb00000000114-8c98068c449611,Harshal Patel,174/9(16.1),174,9,16.1
1440,2,15,2019-100mb00000000125-2485f88b449911,Arshdeep Singh,181/10(16.6),181,10,16.6
1441,1,35,2022-100mb00000000976-79aa33cca44611,Sai Sudharsan,210/1(17.2),210,1,17.2
1441,1,35,2019-100mb00000000062-8fa4884a17f311,Shubman Gill,213/2(17.6),213,2,17.6
1441,1,35,2021-100mb00000000590-85eaa6f291e011,Shahrukh Khan,231/3(19.6),231,3,19.6
1441,2,13,2021-100mb00000000724-7645abdd460011,Rachin Ravindra,2/1(0.6),2,1,0.6
1441,2,13,2018-100mb00000000044-e03a43dbf88a11,Ajinkya Rahane,2/2(1.1),2,2,1.1
1441,2,13,2019-100mb00000000102-28e7fca043fc11,Ruturaj Gaikwad,10/3(2.5),10,3,2.5
1441,2,13,2019-100mb00000000083-a7fea83029c211,Daryl Mitchell,119/4(12.2),119,4,12.2
1441,2,13,2019-100mb00000000206-501d92f644bb11,Moeen Ali,135/5(14.2),135,5,14.2
1441,2,13,2019-100mb00000000211-dc1f6a2544bb11,Shivam Dube,165/6(16.4),165,6,16.4
1441,2,13,2018-100mb00000000046-06b5ba89f88b11,Ravindra Jadeja,169/7(17.3),169,7,17.3
1441,2,13,2019-100mb00000000075-0984e17e1e4011,Mitchell Santner,169/8(17.5),169,8,17.5
1438,1,14,2024-100mb00000003115-5afd8ccce29e11,Jake Fraser - McGurk,60/1(4.2),60,1,4.2
1438,1,14,2019-100mb00000000268-22e2e3987add11,Shai Hope,68/2(5.1),68,2,5.1
1438,1,14,2019-100mb00000000110-79ae08f5449411,Axar Patel,110/3(9.2),110,3,9.2
1438,1,14,2022-100mb00000001580-2e206f715b5511,Abishek Porel,144/4(12.4),144,4,12.4
1438,1,14,2018-100mb00000000018-6e65e6f7e99c11,Rishabh Pant,150/5(13.5),150,5,13.5
1438,1,14,2019-100mb00000000234-6f2916d37ab711,Gulbadin Naib,195/6(18.4),195,6,18.4
1438,1,14,2022-100mb00000001017-3e376712cc7911,Tristan Stubbs,215/7(19.3),215,7,19.3
1438,1,14,2019-100mb00000000172-1befbbeb44af11,Rasikh Salam,221/8(19.6),221,8,19.6
1438,2,18,2020-100mb00000000533-e895f279639811,Yashasvi Jaiswal,4/1(0.2),4,1,0.2
1438,2,18,2019-100mb00000000182-b78f12ef44b611,Jos Buttler,67/2(5.5),67,2,5.5
1438,2,18,2019-100mb00000000189-ac8c327a44b711,Riyan Parag,103/3(10.6),103,3,10.6
1438,2,18,2019-100mb00000000190-c62cbae544b711,Sanju Samson,162/4(15.4),162,4,15.4
1438,2,18,2024-100mb00000003112-76787b7ddf9f11,Shubham Dubey,180/5(16.4),180,5,16.4
1438,2,18,2023-100mb00000002033-4a1cf416d08711,Donovan Ferreira,181/6(17.1),181,6,17.1
1438,2,18,2018-100mb00000000045-f658f1b6f88a11,Ravichandran Ashwin,185/7(17.6),185,7,17.6
1438,2,18,2019-100mb00000000329-bee19eaeb1e711,Rovman Powell,194/8(19.2),194,8,19.2
1442,1,16,2022-100mb00000001220-372333e3f9f711,Phil Salt,6/1(0.5),6,1,0.5
1442,1,16,2019-100mb00000000156-a6b6f42c44aa11,Sunil Narine,10/2(1.1),10,2,1.1
1442,1,16,2018-100mb00000000012-ea4c47d2e99b11,Shreyas Iyer,40/3(4.1),40,3,4.1
1442,1,16,2021-100mb00000000584-a3f48c1791dd11,Venkatesh Iyer,77/4(8.1),77,4,8.1
1442,1,16,2019-100mb00000000148-ef59629644a811,Nitish Rana,116/5(11.6),116,5,11.6
1442,1,16,2019-100mb00000000141-e67c41d144a711,Andre Russell,125/6(12.6),125,6,12.6
1442,1,16,2019-100mb00000000152-335aed3d44aa11,Rinku Singh,148/7(15.2),148,7,15.2
1442,2,17,2019-100mb00000000164-8ae075db44ad11,Ishan Kishan,65/1(6.5),65,1,6.5
1442,2,17,2018-100mb00000000006-2cf4bba8e99b11,Rohit Sharma,67/2(7.5),67,2,7.5
1442,2,17,2019-100mb00000000174-619a804244af11,Suryakumar Yadav,87/3(10.5),87,3,10.5
1442,2,17,2018-100mb00000000054-e3ebefa2050a11,Hardik Pandya,91/4(11.4),91,4,11.4
1442,2,17,2021-100mb00000000636-9e985b64160411,Tim David,92/5(12.1),92,5,12.1
1442,2,17,2022-100mb00000001541-e0ad58e954e911,Nehal Wadera,117/6(13.6),117,6,13.6
1442,2,17,2024-100mb00000003107-805cae57df9b11,Naman Dhir,136/7(15.1),136,7,15.1
1442,2,17,2022-100mb00000000993-60c58f9ea44c11,Tilak Varma,137/8(15.3),137,8,15.3
1439,1,77,2019-100mb00000000170-9429250944ae11,Quinton De Kock,13/1(2.1),13,1,2.1
1439,1,77,2018-100mb00000000023-201fd633e99d11,Marcus Stoinis,21/2(4.2),21,2,4.2
1439,1,77,2018-100mb00000000019-80e59e32e99c11,K L Rahul,57/3(9.6),57,3,9.6
1439,1,77,2018-100mb00000000017-5e389774e99c11,Krunal Pandya,66/4(11.2),66,4,11.2
0,0,0,0,0,0,0,0,0
1443,1,18,2020-100mb00000000533-e895f279639811,Yashasvi Jaiswal,43/1(6.2),43,1,6.2
1443,1,18,2019-100mb00000000182-b78f12ef44b611,Jos Buttler,49/2(8.1),49,2,8.1
1443,1,18,2019-100mb00000000190-c62cbae544b711,Sanju Samson,91/3(14.2),91,3,14.2
1443,1,18,2022-100mb00000001004-da6e207ea44e11,Dhruv Jurel,131/4(19.1),131,4,19.1
1443,1,18,2024-100mb00000003112-76787b7ddf9f11,Shubham Dubey,131/5(19.2),131,5,19.2
1443,2,13,2021-100mb00000000724-7645abdd460011,Rachin Ravindra,32/1(3.4),32,1,3.4
1443,2,13,2019-100mb00000000083-a7fea83029c211,Daryl Mitchell,67/2(7.5),67,2,7.5
1443,2,13,2019-100mb00000000206-501d92f644bb11,Moeen Ali,86/3(11.5),86,3,11.5
1443,2,13,2019-100mb00000000211-dc1f6a2544bb11,Shivam Dube,107/4(13.6),107,4,13.6
1443,2,13,2018-100mb00000000046-06b5ba89f88b11,Ravindra Jadeja,121/5(15.5),121,5,15.5
0,0,0,0,0,0,0,0,0
1444,1,19,2019-100mb00000000094-1e8fa14543ee11,Faf Du Plessis,23/1(2.2),23,1,2.2
1444,1,19,2018-wicb00000000002-47ea5a6ae99a11,Virat Kohli,36/2(3.4),36,2,3.4
1444,1,19,2021-100mb00000000597-a0edfee691e511,Rajat Patidar,124/3(12.3),124,3,12.3
1444,1,19,2023-100mb00000001941-9401571cc40411,Will Jacks,137/4(14.4),137,4,14.4
1444,1,19,2019-100mb00000000184-117a285844b711,Mahipal Lomror,174/5(17.4),174,5,17.4
1444,1,19,2018-100mb00000000013-1031ba8ae99c11,Dinesh Karthik,174/6(17.6),174,6,17.6
1444,1,19,2022-100mb00000001483-5afb915c543411,Swapnil Singh,176/7(18.3),176,7,18.3
1444,1,19,2019-100mb00000000098-7a8c366b43f611,Karn Sharma,185/8(19.5),185,8,19.5
1444,1,19,2019-100mb00000000063-d9aa7a01187311,Mohammed Siraj,187/9(19.6),187,9,19.6
1444,2,14,2019-100mb00000000214-df216bed44bc11,David Warner,8/1(0.4),8,1,0.4
1444,2,14,2022-100mb00000001580-2e206f715b5511,Abishek Porel,24/2(2.1),24,2,2.1
1444,2,14,2024-100mb00000003115-5afd8ccce29e11,Jake Fraser - McGurk,24/3(2.2),24,3,2.2
1444,2,14,2024-100mb00000003101-b9f9be41df9511,Kumar Kushagra,30/4(3.3),30,4,3.3
1444,2,14,2019-100mb00000000268-22e2e3987add11,Shai Hope,86/5(9.3),86,5,9.3
1444,2,14,2022-100mb00000001017-3e376712cc7911,Tristan Stubbs,90/6(10.6),90,6,10.6
1444,2,14,2019-100mb00000000172-1befbbeb44af11,Rasikh Salam,127/7(14.6),127,7,14.6
1444,2,14,2019-100mb00000000110-79ae08f5449411,Axar Patel,128/8(15.4),128,8,15.4
1444,2,14,2022-100mb00000001462-cbc59298427c11,Mukesh Kumar,135/9(17.4),135,9,17.4
1444,2,14,2018-100mb00000000014-227bc550e99c11,Kuldeep Yadav,140/10(19.1),140,10,19.1
1446,1,14,2024-100mb00000003115-5afd8ccce29e11,Jake Fraser - McGurk,2/1(0.2),2,1,0.2
1446,1,14,2019-100mb00000000268-22e2e3987add11,Shai Hope,94/2(8.3),94,2,8.3
1446,1,14,2022-100mb00000001580-2e206f715b5511,Abishek Porel,111/3(11.1),111,3,11.1
1446,1,14,2018-100mb00000000018-6e65e6f7e99c11,Rishabh Pant,158/4(16.2),158,4,16.2
1446,2,77,2018-100mb00000000019-80e59e32e99c11,K L Rahul,7/1(0.5),7,1,0.5
1446,2,77,2019-100mb00000000170-9429250944ae11,Quinton De Kock,24/2(2.5),24,2,2.5
1446,2,77,2018-100mb00000000023-201fd633e99d11,Marcus Stoinis,24/3(3.1),24,3,3.1
1446,2,77,2019-100mb00000000215-f86e728844bc11,Deepak Hooda,44/4(4.1),44,4,4.1
1446,2,77,2022-100mb00000000985-f5950061a44811,Ayush Badoni,71/5(7.3),71,5,7.3
1446,2,77,2019-100mb00000000136-9313d156449c11,Nicholas Pooran,101/6(11.1),101,6,11.1
1446,2,77,2018-100mb00000000017-5e389774e99c11,Krunal Pandya,134/7(14.4),134,7,14.4
1446,2,77,2021-100mb00000000587-d15a3db891de11,Yudhvir Singh,167/8(16.6),167,8,16.6
1446,2,77,2020-100mb00000000520-c2b1e0df638711,Ravi Bishnoi,183/9(18.3),183,9,18.3
1447,1,18,2020-100mb00000000533-e895f279639811,Yashasvi Jaiswal,4/1(0.4),4,1,0.4
1447,1,18,2019-100mb00000000190-c62cbae544b711,Sanju Samson,40/2(6.4),40,2,6.4
1447,1,18,2024-100mb00000003113-2383ca53dfa011,Tom Kohler- Cadmore,42/3(7.2),42,3,7.2
1447,1,18,2018-100mb00000000045-f658f1b6f88a11,Ravichandran Ashwin,92/4(12.6),92,4,12.6
1447,1,18,2022-100mb00000001004-da6e207ea44e11,Dhruv Jurel,97/5(13.3),97,5,13.3
1447,1,18,2019-100mb00000000329-bee19eaeb1e711,Rovman Powell,102/6(14.3),102,6,14.3
1447,1,18,2023-100mb00000002033-4a1cf416d08711,Donovan Ferreira,125/7(17.3),125,7,17.3
1447,1,18,2019-100mb00000000189-ac8c327a44b711,Riyan Parag,138/8(19.2),138,8,19.2
1447,1,18,2019-100mb00000000066-573f78a31e3711,Trent Boult,144/9(19.6),144,9,19.6
1447,2,15,2019-100mb00000000137-d774e3d1449c11,Prabhsimran Singh,6/1(0.4),6,1,0.4
1447,2,15,2022-100mb00000001426-5cf9b7f5336311,Rilee Rossouw,36/2(4.3),36,2,4.3
1447,2,15,2019-100mb00000000191-df21803b44b711,Shashank Singh,36/3(4.5),36,3,4.5
1447,2,15,2019-100mb00000000216-33c1188144bd11,Jonny Bairstow,48/4(7.6),48,4,7.6
1447,2,15,2022-100mb00000001000-d90666b7a44d11,Jitesh Sharma,111/5(15.4),111,5,15.4
1449,1,77,2019-100mb00000000200-1283ad3244ba11,Devdutt Padikkal,1/1(0.3),1,1,0.3
1449,1,77,2018-100mb00000000023-201fd633e99d11,Marcus Stoinis,49/2(5.6),49,2,5.6
1449,1,77,2019-100mb00000000215-f86e728844bc11,Deepak Hooda,69/3(9.3),69,3,9.3
1449,1,77,2019-100mb00000000136-9313d156449c11,Nicholas Pooran,178/4(16.5),178,4,16.5
1449,1,77,2022-100mb00000000988-ad5c752aa44a11,Arshad Khan,178/5(16.6),178,5,16.6
1449,1,77,2018-100mb00000000019-80e59e32e99c11,K L Rahul,178/6(17.1),178,6,17.1
1449,2,17,202265c5509b72a911ec8ab502ab46c,Dewald Brevis,88/1(8.4),88,1,8.4
1449,2,17,2019-100mb00000000174-619a804244af11,Suryakumar Yadav,89/2(9.2),89,2,9.2
1449,2,17,2018-100mb00000000006-2cf4bba8e99b11,Rohit Sharma,97/3(10.5),97,3,10.5
1449,2,17,2018-100mb00000000054-e3ebefa2050a11,Hardik Pandya,116/4(13.3),116,4,13.3
1449,2,17,2022-100mb00000001541-e0ad58e954e911,Nehal Wadhera,120/5(14.2),120,5,14.2
1449,2,17,2019-100mb00000000164-8ae075db44ad11,Ishan Kishan,188/6(19.3),188,6,19.3
0,0,0,0,0,0,0,0,0
1450,1,19,2018-wicb00000000002-47ea5a6ae99a11,Virat Kohli,78/1(9.4),78,1,9.4
1450,1,19,2019-100mb00000000094-1e8fa14543ee11,Faf Du Plessis,113/2(12.6),113,2,12.6
1450,1,19,2021-100mb00000000597-a0edfee691e511,Rajat Patidar,184/3(17.4),184,3,17.4
1450,1,19,2018-100mb00000000013-1031ba8ae99c11,Dinesh Karthik,201/4(18.5),201,4,18.5
1450,1,19,2018-100mb00000000028-acc7d0a3e99d11,Glenn Maxwell,218/5(19.5),218,5,19.5
1450,2,13,2019-100mb00000000102-28e7fca043fc11,Ruturaj Gaikwad,0/1(0.1),0,1,0.1
1450,2,13,2019-100mb00000000083-a7fea83029c211,Daryl Mitchell,19/2(2.2),19,2,2.2
1450,2,13,2018-100mb00000000044-e03a43dbf88a11,Ajinkya Rahane,85/3(9.1),85,3,9.1
1450,2,13,2021-100mb00000000724-7645abdd460011,Rachin Ravindra,115/4(12.6),115,4,12.6
1450,2,13,2019-100mb00000000211-dc1f6a2544bb11,Shivam Dube,119/5(13.4),119,5,13.4
1450,2,13,2019-100mb00000000075-0984e17e1e4011,Mitchell Santner,129/6(14.6),129,6,14.6
1450,2,13,2019-100mb00000000057-57100cf415ba11,MS Dhoni,190/7(19.2),190,7,19.2
1451,1,15,2022-100mb00000001001-14df7b35a44e11,Atharva Taide,97/1(9.1),97,1,9.1
1451,1,15,2019-100mb00000000137-d774e3d1449c11,Prabhsimran Singh,151/2(14.2),151,2,14.2
1451,1,15,2019-100mb00000000191-df21803b44b711,Shashank Singh,174/3(15.6),174,3,15.6
1451,1,15,2022-100mb00000001426-5cf9b7f5336311,Rilee Rossouw,181/4(17.2),181,4,17.2
1451,1,15,2024-100mb00000003109-b7f98c40df9d11,Ashutosh Sharma,187/5(18.1),187,5,18.1
1451,2,20,2018-100mb00000000037-4e250de6f88a11,Travis Head,0/1(0.1),0,1,0.1
1451,2,20,2019-100mb00000000188-896b509b44b711,Rahul Tripathi,72/2(4.6),72,2,4.6
1451,2,20,2019-100mb00000000212-9df3a24d44bc11,Abhishek Sharma,129/3(10.1),129,3,10.1
1451,2,20,2023-100mb00000001944-c9a4b0e8c40511,Nitish Kumar Reddy,176/4(13.6),176,4,13.6
1451,2,20,2020-100mb00000000523-53bc4c09638b11,Shahbaz Ahmed,197/5(16.5),197,5,16.5
1451,2,20,2019-100mb00000000202-438eed6944ba11,Heinrich Klaasen,208/6(18.2),208,6,18.2
0,0,0,0,0,0,0,0,0
1453,1,20,2018-100mb00000000037-4e250de6f88a11,Travis Head,0/1(0.2),0,1,0.2
1453,1,20,2019-100mb00000000212-9df3a24d44bc11,Abhishek Sharma,13/2(1.5),13,2,1.5
1453,1,20,2023-100mb00000001944-c9a4b0e8c40511,Nitish Kumar Reddy,39/3(4.5),39,3,4.5
1453,1,20,2020-100mb00000000523-53bc4c09638b11,Shahbaz Ahmed,39/4(4.6),39,4,4.6
1453,1,20,2019-100mb00000000202-438eed6944ba11,Heinrich Klaasen,101/5(10.6),101,5,10.6
1453,1,20,2019-100mb00000000188-896b509b44b711,Rahul Tripathi,121/6(13.2),121,6,13.2
1453,1,20,2023-100mb00000001943-b03b1676c40511,Sanvir Singh,121/7(13.3),121,7,13.3
1453,1,20,2020-100mb00000000525-4d2e1ac6639511,Abdul Samad,125/8(14.4),125,8,14.4
1453,1,20,2018-100mb00000000015-3501d442e99c11,Bhuvneshwar Kumar,126/9(15.6),126,9,15.6
1453,1,20,2018-100mb00000000033-d93110bbf88911,Pat Cummins,159/10(19.3),159,10,19.3
1453,2,16,2021-100mb00000000641-324bd4322fe511,Rahmanullah Gurbaz,44/1(3.2),44,1,3.2
1453,2,16,2019-100mb00000000156-a6b6f42c44aa11,Sunil Narine,67/2(6.2),67,2,6.2
1454,1,19,2019-100mb00000000094-1e8fa14543ee11,Faf Du Plessis,37/1(4.4),37,1,4.4
1454,1,19,2018-wicb00000000002-47ea5a6ae99a11,Virat Kohli,56/2(7.2),56,2,7.2
1454,1,19,2020-100mb00000000550-247665a42ff311,Cameron Green,97/3(12.3),97,3,12.3
1454,1,19,2018-100mb00000000028-acc7d0a3e99d11,Glenn Maxwell,97/4(12.4),97,4,12.4
1454,1,19,2021-100mb00000000597-a0edfee691e511,Rajat Patidar,122/5(14.2),122,5,14.2
1454,1,19,2018-100mb00000000013-1031ba8ae99c11,Dinesh Karthik,154/6(18.2),154,6,18.2
1454,1,19,2019-100mb00000000184-117a285844b711,Mahipal Lomror,159/7(18.5),159,7,18.5
1454,1,19,2019-100mb00000000098-7a8c366b43f611,Karn Sharma,172/8(19.6),172,8,19.6
1454,2,18,2024-100mb00000003113-2383ca53dfa011,Tom Kohler- Cadmore,46/1(5.3),46,1,5.3
1454,2,18,2020-100mb00000000533-e895f279639811,Yashasvi Jaiswal,81/2(9.2),81,2,9.2
1454,2,18,2019-100mb00000000190-c62cbae544b711,Sanju Samson,86/3(10.1),86,3,10.1
1454,2,18,2022-100mb00000001004-da6e207ea44e11,Dhruv Jurel,112/4(13.1),112,4,13.1
1454,2,18,2019-100mb00000000189-ac8c327a44b711,Riyan Parag,157/5(17.2),157,5,17.2
1454,2,18,2019-100mb00000000210-b8addb3444bb11,Shimron Hetmyer,160/6(17.6),160,6,17.6
1455,1,20,2019-100mb00000000212-9df3a24d44bc11,Abhishek Sharma,13/1(0.6),13,1,0.6
1455,1,20,2019-100mb00000000188-896b509b44b711,Rahul Tripathi,55/2(4.3),55,2,4.3
1455,1,20,2019-100mb00000000287-ca1a6bb17ae311,Aiden Markram,57/3(4.6),57,3,4.6
1455,1,20,2018-100mb00000000037-4e250de6f88a11,Travis Head,99/4(9.6),99,4,9.6
1455,1,20,2023-100mb00000001944-c9a4b0e8c40511,Nitish Kumar Reddy,120/5(13.5),120,5,13.5
1455,1,20,2020-100mb00000000525-4d2e1ac6639511,Abdul Samad,120/6(13.6),120,6,13.6
1455,1,20,2019-100mb00000000202-438eed6944ba11,Heinrich Klaasen,163/7(18.1),163,7,18.1
1455,1,20,2020-100mb00000000523-53bc4c09638b11,Shahbaz Ahmed,170/8(19.3),170,8,19.3
1455,1,20,2019-100mb00000000180-1352e0b244b611,Jaydev Unadkat,175/9(19.6),175,9,19.6
1455,2,18,2024-100mb00000003113-2383ca53dfa011,Tom Kohler- Cadmore,24/1(3.6),24,1,3.6
1455,2,18,2020-100mb00000000533-e895f279639811,Yashasvi Jaiswal,65/2(7.5),65,2,7.5
1455,2,18,2019-100mb00000000190-c62cbae544b711,Sanju Samson,67/3(8.3),67,3,8.3
1455,2,18,2019-100mb00000000189-ac8c327a44b711,Riyan Parag,79/4(11.1),79,4,11.1
1455,2,18,2018-100mb00000000045-f658f1b6f88a11,Ravichandran Ashwin,79/5(11.4),79,5,11.4
1455,2,18,2019-100mb00000000210-b8addb3444bb11,Shimron Hetmyer,92/6(13.4),92,6,13.4
1455,2,18,2019-100mb00000000329-bee19eaeb1e711,Rovman Powell,124/7(17.4),124,7,17.4
1456,1,20,2019-100mb00000000212-9df3a24d44bc11,Abhishek Sharma,2/1(0.5),2,1,0.5
1456,1,20,2018-100mb00000000037-4e250de6f88a11,Travis Head,6/2(1.6),6,2,1.6
1456,1,20,2019-100mb00000000188-896b509b44b711,Rahul Tripathi,21/3(4.2),21,3,4.2
1456,1,20,2023-100mb00000001944-c9a4b0e8c40511,Nitish Kumar Reddy,47/4(6.6),47,4,6.6
1456,1,20,2019-100mb00000000287-ca1a6bb17ae311,Aiden Markram,62/5(10.2),62,5,10.2
1456,1,20,2020-100mb00000000523-53bc4c09638b11,Shahbaz Ahmed,71/6(11.5),71,6,11.5
1456,1,20,2020-100mb00000000525-4d2e1ac6639511,Abdul Samad,77/7(12.4),77,7,12.4
1456,1,20,2019-100mb00000000202-438eed6944ba11,Heinrich Klaasen,90/8(14.1),90,8,14.1
1456,1,20,2019-100mb00000000180-1352e0b244b611,Jaydev Unadkat,113/9(17.5),113,9,17.5
1456,1,20,2018-100mb00000000033-d93110bbf88911,Pat Cummins,113/10(18.3),113,10,18.3
1456,2,16,2019-100mb00000000156-a6b6f42c44aa11,Sunil Narine,11/1(1.2),11,1,1.2
1456,2,16,2021-100mb00000000641-324bd4322fe511,Rahmanullah Gurbaz,102/2(8.5),102,2,8.5
